transformer_id,transformer_type,risk_score,risk_level,root_cause,maintenance_action
17,Distribution Transformer,0.9936925,High,Thermal Overload caused by excessive load and temperature stress,Immediate inspection required — probable cause: Thermal Overload caused by excessive load and temperature stress
29,Distribution Transformer,0.99261284,High,Sudden Load Variation caused by irregular demand pattern,Immediate inspection required — probable cause: Sudden Load Variation caused by irregular demand pattern
32,Distribution Transformer,0.99211603,High,Electrical Stress caused by high current flow,Immediate inspection required — probable cause: Electrical Stress caused by high current flow
33,Distribution Transformer,0.9900322,High,Thermal Overload caused by excessive load and temperature stress,Immediate inspection required — probable cause: Thermal Overload caused by excessive load and temperature stress
18,Distribution Transformer,0.9896157,High,Voltage Instability caused by abnormal voltage fluctuation,Immediate inspection required — probable cause: Voltage Instability caused by abnormal voltage fluctuation
35,Distribution Transformer,0.989571,High,Electrical Stress caused by high current flow,Immediate inspection required — probable cause: Electrical Stress caused by high current flow
12,Distribution Transformer,0.98760843,High,Electrical Stress caused by high current flow,Immediate inspection required — probable cause: Electrical Stress caused by high current flow
33,Distribution Transformer,0.986177,High,Electrical Stress caused by high current flow,Immediate inspection required — probable cause: Electrical Stress caused by high current flow
27,Distribution Transformer,0.9860752,High,Thermal Overload caused by excessive load and temperature stress,Immediate inspection required — probable cause: Thermal Overload caused by excessive load and temperature stress
29,Distribution Transformer,0.9860482,High,Voltage Instability caused by abnormal voltage fluctuation,Immediate inspection required — probable cause: Voltage Instability caused by abnormal voltage fluctuation
39,Distribution Transformer,0.98522097,High,Electrical Stress caused by high current flow,Immediate inspection required — probable cause: Electrical Stress caused by high current flow
9,Distribution Transformer,0.98464835,High,General Degradation Risk based on combined operating conditions,Immediate inspection required — probable cause: General Degradation Risk based on combined operating conditions
33,Distribution Transformer,0.983844,High,Sudden Load Variation caused by irregular demand pattern,Immediate inspection required — probable cause: Sudden Load Variation caused by irregular demand pattern
6,Distribution Transformer,0.98299086,High,Electrical Stress caused by high current flow,Immediate inspection required — probable cause: Electrical Stress caused by high current flow
28,Distribution Transformer,0.9816828,High,Voltage Instability caused by abnormal voltage fluctuation,Immediate inspection required — probable cause: Voltage Instability caused by abnormal voltage fluctuation
19,Distribution Transformer,0.98034096,High,General Degradation Risk based on combined operating conditions,Immediate inspection required — probable cause: General Degradation Risk based on combined operating conditions
16,Distribution Transformer,0.97948635,High,Sudden Load Variation caused by irregular demand pattern,Immediate inspection required — probable cause: Sudden Load Variation caused by irregular demand pattern
6,Distribution Transformer,0.97948426,High,Voltage Instability caused by abnormal voltage fluctuation,Immediate inspection required — probable cause: Voltage Instability caused by abnormal voltage fluctuation
32,Distribution Transformer,0.9785639,High,Electrical Stress caused by high current flow,Immediate inspection required — probable cause: Electrical Stress caused by high current flow
41,Distribution Transformer,0.9783086,High,General Degradation Risk based on combined operating conditions,Immediate inspection required — probable cause: General Degradation Risk based on combined operating conditions
40,Distribution Transformer,0.9781691,High,General Degradation Risk based on combined operating conditions,Immediate inspection required — probable cause: General Degradation Risk based on combined operating conditions
47,Distribution Transformer,0.9778325,High,Thermal Overload caused by excessive load and temperature stress,Immediate inspection required — probable cause: Thermal Overload caused by excessive load and temperature stress
29,Distribution Transformer,0.9775417,High,General Degradation Risk based on combined operating conditions,Immediate inspection required — probable cause: General Degradation Risk based on combined operating conditions
18,Distribution Transformer,0.9769867,High,Voltage Instability caused by abnormal voltage fluctuation,Immediate inspection required — probable cause: Voltage Instability caused by abnormal voltage fluctuation
42,Distribution Transformer,0.9764399,High,Thermal Overload caused by excessive load and temperature stress,Immediate inspection required — probable cause: Thermal Overload caused by excessive load and temperature stress
15,Distribution Transformer,0.97642195,High,General Degradation Risk based on combined operating conditions,Immediate inspection required — probable cause: General Degradation Risk based on combined operating conditions
39,Distribution Transformer,0.97607374,High,General Degradation Risk based on combined operating conditions,Immediate inspection required — probable cause: General Degradation Risk based on combined operating conditions
1,Distribution Transformer,0.9746527,High,Voltage Instability caused by abnormal voltage fluctuation,Immediate inspection required — probable cause: Voltage Instability caused by abnormal voltage fluctuation
34,Distribution Transformer,0.9732636,High,Voltage Instability caused by abnormal voltage fluctuation,Immediate inspection required — probable cause: Voltage Instability caused by abnormal voltage fluctuation
18,Distribution Transformer,0.97292125,High,General Degradation Risk based on combined operating conditions,Immediate inspection required — probable cause: General Degradation Risk based on combined operating conditions
26,Distribution Transformer,0.9725329,High,General Degradation Risk based on combined operating conditions,Immediate inspection required — probable cause: General Degradation Risk based on combined operating conditions
20,Distribution Transformer,0.97153914,High,General Degradation Risk based on combined operating conditions,Immediate inspection required — probable cause: General Degradation Risk based on combined operating conditions
35,Distribution Transformer,0.971458,High,Electrical Stress caused by high current flow,Immediate inspection required — probable cause: Electrical Stress caused by high current flow
11,Distribution Transformer,0.9706032,High,General Degradation Risk based on combined operating conditions,Immediate inspection required — probable cause: General Degradation Risk based on combined operating conditions
49,Distribution Transformer,0.968429,High,General Degradation Risk based on combined operating conditions,Immediate inspection required — probable cause: General Degradation Risk based on combined operating conditions
35,Distribution Transformer,0.9677426,High,Electrical Stress caused by high current flow,Immediate inspection required — probable cause: Electrical Stress caused by high current flow
19,Distribution Transformer,0.96629936,High,General Degradation Risk based on combined operating conditions,Immediate inspection required — probable cause: General Degradation Risk based on combined operating conditions
45,Distribution Transformer,0.9661165,High,Thermal Overload caused by excessive load and temperature stress,Immediate inspection required — probable cause: Thermal Overload caused by excessive load and temperature stress
38,Distribution Transformer,0.9653889,High,General Degradation Risk based on combined operating conditions,Immediate inspection required — probable cause: General Degradation Risk based on combined operating conditions
27,Distribution Transformer,0.96535414,High,General Degradation Risk based on combined operating conditions,Immediate inspection required — probable cause: General Degradation Risk based on combined operating conditions
36,Distribution Transformer,0.96424294,High,General Degradation Risk based on combined operating conditions,Immediate inspection required — probable cause: General Degradation Risk based on combined operating conditions
32,Distribution Transformer,0.9637964,High,General Degradation Risk based on combined operating conditions,Immediate inspection required — probable cause: General Degradation Risk based on combined operating conditions
5,Distribution Transformer,0.9628231,High,General Degradation Risk based on combined operating conditions,Immediate inspection required — probable cause: General Degradation Risk based on combined operating conditions
3,Distribution Transformer,0.96275836,High,General Degradation Risk based on combined operating conditions,Immediate inspection required — probable cause: General Degradation Risk based on combined operating conditions
32,Distribution Transformer,0.96207047,High,Voltage Instability caused by abnormal voltage fluctuation,Immediate inspection required — probable cause: Voltage Instability caused by abnormal voltage fluctuation
27,Distribution Transformer,0.9619787,High,Sudden Load Variation caused by irregular demand pattern,Immediate inspection required — probable cause: Sudden Load Variation caused by irregular demand pattern
18,Distribution Transformer,0.96121126,High,Electrical Stress caused by high current flow,Immediate inspection required — probable cause: Electrical Stress caused by high current flow
41,Distribution Transformer,0.9608618,High,Sudden Load Variation caused by irregular demand pattern,Immediate inspection required — probable cause: Sudden Load Variation caused by irregular demand pattern
26,Distribution Transformer,0.9598525,High,Sudden Load Variation caused by irregular demand pattern,Immediate inspection required — probable cause: Sudden Load Variation caused by irregular demand pattern
17,Distribution Transformer,0.9592429,High,General Degradation Risk based on combined operating conditions,Immediate inspection required — probable cause: General Degradation Risk based on combined operating conditions
5,Distribution Transformer,0.9592043,High,General Degradation Risk based on combined operating conditions,Immediate inspection required — probable cause: General Degradation Risk based on combined operating conditions
1,Distribution Transformer,0.959,High,Voltage Instability caused by abnormal voltage fluctuation,Immediate inspection required — probable cause: Voltage Instability caused by abnormal voltage fluctuation
28,Distribution Transformer,0.9589398,High,General Degradation Risk based on combined operating conditions,Immediate inspection required — probable cause: General Degradation Risk based on combined operating conditions
17,Distribution Transformer,0.95889795,High,Sudden Load Variation caused by irregular demand pattern,Immediate inspection required — probable cause: Sudden Load Variation caused by irregular demand pattern
20,Distribution Transformer,0.9584956,High,General Degradation Risk based on combined operating conditions,Immediate inspection required — probable cause: General Degradation Risk based on combined operating conditions
48,Distribution Transformer,0.95784533,High,Voltage Instability caused by abnormal voltage fluctuation,Immediate inspection required — probable cause: Voltage Instability caused by abnormal voltage fluctuation
25,Distribution Transformer,0.956746,High,Voltage Instability caused by abnormal voltage fluctuation,Immediate inspection required — probable cause: Voltage Instability caused by abnormal voltage fluctuation
4,Distribution Transformer,0.9558714,High,General Degradation Risk based on combined operating conditions,Immediate inspection required — probable cause: General Degradation Risk based on combined operating conditions
41,Distribution Transformer,0.954685,High,Voltage Instability caused by abnormal voltage fluctuation,Immediate inspection required — probable cause: Voltage Instability caused by abnormal voltage fluctuation
16,Distribution Transformer,0.95464957,High,Electrical Stress caused by high current flow,Immediate inspection required — probable cause: Electrical Stress caused by high current flow
47,Distribution Transformer,0.9537616,High,Thermal Overload caused by excessive load and temperature stress,Immediate inspection required — probable cause: Thermal Overload caused by excessive load and temperature stress
21,Distribution Transformer,0.95185804,High,General Degradation Risk based on combined operating conditions,Immediate inspection required — probable cause: General Degradation Risk based on combined operating conditions
47,Distribution Transformer,0.9518006,High,Electrical Stress caused by high current flow,Immediate inspection required — probable cause: Electrical Stress caused by high current flow
35,Distribution Transformer,0.9508356,High,General Degradation Risk based on combined operating conditions,Immediate inspection required — probable cause: General Degradation Risk based on combined operating conditions
25,Distribution Transformer,0.9508208,High,Electrical Stress caused by high current flow,Immediate inspection required — probable cause: Electrical Stress caused by high current flow
38,Distribution Transformer,0.9491507,High,Electrical Stress caused by high current flow,Immediate inspection required — probable cause: Electrical Stress caused by high current flow
5,Distribution Transformer,0.9483491,High,Thermal Overload caused by excessive load and temperature stress,Immediate inspection required — probable cause: Thermal Overload caused by excessive load and temperature stress
46,Distribution Transformer,0.9477423,High,General Degradation Risk based on combined operating conditions,Immediate inspection required — probable cause: General Degradation Risk based on combined operating conditions
17,Distribution Transformer,0.9470471,High,General Degradation Risk based on combined operating conditions,Immediate inspection required — probable cause: General Degradation Risk based on combined operating conditions
8,Distribution Transformer,0.94674397,High,General Degradation Risk based on combined operating conditions,Immediate inspection required — probable cause: General Degradation Risk based on combined operating conditions
28,Distribution Transformer,0.9464779,High,Sudden Load Variation caused by irregular demand pattern,Immediate inspection required — probable cause: Sudden Load Variation caused by irregular demand pattern
4,Distribution Transformer,0.9459245,High,Sudden Load Variation caused by irregular demand pattern,Immediate inspection required — probable cause: Sudden Load Variation caused by irregular demand pattern
30,Distribution Transformer,0.94471645,High,General Degradation Risk based on combined operating conditions,Immediate inspection required — probable cause: General Degradation Risk based on combined operating conditions
24,Distribution Transformer,0.9443088,High,Electrical Stress caused by high current flow,Immediate inspection required — probable cause: Electrical Stress caused by high current flow
26,Distribution Transformer,0.94429195,High,General Degradation Risk based on combined operating conditions,Immediate inspection required — probable cause: General Degradation Risk based on combined operating conditions
12,Distribution Transformer,0.94367605,High,General Degradation Risk based on combined operating conditions,Immediate inspection required — probable cause: General Degradation Risk based on combined operating conditions
15,Distribution Transformer,0.940244,High,Sudden Load Variation caused by irregular demand pattern,Immediate inspection required — probable cause: Sudden Load Variation caused by irregular demand pattern
43,Distribution Transformer,0.94010526,High,Electrical Stress caused by high current flow,Immediate inspection required — probable cause: Electrical Stress caused by high current flow
19,Distribution Transformer,0.9388512,High,Electrical Stress caused by high current flow,Immediate inspection required — probable cause: Electrical Stress caused by high current flow
3,Distribution Transformer,0.93882394,High,General Degradation Risk based on combined operating conditions,Immediate inspection required — probable cause: General Degradation Risk based on combined operating conditions
1,Distribution Transformer,0.93660784,High,General Degradation Risk based on combined operating conditions,Immediate inspection required — probable cause: General Degradation Risk based on combined operating conditions
26,Distribution Transformer,0.9363086,High,General Degradation Risk based on combined operating conditions,Immediate inspection required — probable cause: General Degradation Risk based on combined operating conditions
18,Distribution Transformer,0.9336053,High,General Degradation Risk based on combined operating conditions,Immediate inspection required — probable cause: General Degradation Risk based on combined operating conditions
4,Distribution Transformer,0.9327121,High,Electrical Stress caused by high current flow,Immediate inspection required — probable cause: Electrical Stress caused by high current flow
48,Distribution Transformer,0.9326298,High,General Degradation Risk based on combined operating conditions,Immediate inspection required — probable cause: General Degradation Risk based on combined operating conditions
19,Distribution Transformer,0.9314113,High,General Degradation Risk based on combined operating conditions,Immediate inspection required — probable cause: General Degradation Risk based on combined operating conditions
29,Distribution Transformer,0.93115544,High,Thermal Overload caused by excessive load and temperature stress,Immediate inspection required — probable cause: Thermal Overload caused by excessive load and temperature stress
14,Distribution Transformer,0.93063766,High,General Degradation Risk based on combined operating conditions,Immediate inspection required — probable cause: General Degradation Risk based on combined operating conditions
7,Distribution Transformer,0.92543447,High,Electrical Stress caused by high current flow,Immediate inspection required — probable cause: Electrical Stress caused by high current flow
6,Distribution Transformer,0.9253837,High,Thermal Overload caused by excessive load and temperature stress,Immediate inspection required — probable cause: Thermal Overload caused by excessive load and temperature stress
20,Distribution Transformer,0.92398983,High,General Degradation Risk based on combined operating conditions,Immediate inspection required — probable cause: General Degradation Risk based on combined operating conditions
49,Distribution Transformer,0.92301434,High,General Degradation Risk based on combined operating conditions,Immediate inspection required — probable cause: General Degradation Risk based on combined operating conditions
42,Distribution Transformer,0.92193294,High,Electrical Stress caused by high current flow,Immediate inspection required — probable cause: Electrical Stress caused by high current flow
26,Distribution Transformer,0.91936684,High,General Degradation Risk based on combined operating conditions,Immediate inspection required — probable cause: General Degradation Risk based on combined operating conditions
40,Distribution Transformer,0.91915154,High,Voltage Instability caused by abnormal voltage fluctuation,Immediate inspection required — probable cause: Voltage Instability caused by abnormal voltage fluctuation
22,Distribution Transformer,0.919041,High,Electrical Stress caused by high current flow,Immediate inspection required — probable cause: Electrical Stress caused by high current flow
47,Distribution Transformer,0.91897595,High,General Degradation Risk based on combined operating conditions,Immediate inspection required — probable cause: General Degradation Risk based on combined operating conditions
3,Distribution Transformer,0.91810834,High,Electrical Stress caused by high current flow,Immediate inspection required — probable cause: Electrical Stress caused by high current flow
28,Distribution Transformer,0.916953,High,Thermal Overload caused by excessive load and temperature stress,Immediate inspection required — probable cause: Thermal Overload caused by excessive load and temperature stress
44,Distribution Transformer,0.9155101,High,Electrical Stress caused by high current flow,Immediate inspection required — probable cause: Electrical Stress caused by high current flow
21,Distribution Transformer,0.91455764,High,Electrical Stress caused by high current flow,Immediate inspection required — probable cause: Electrical Stress caused by high current flow
47,Distribution Transformer,0.9139855,High,Voltage Instability caused by abnormal voltage fluctuation,Immediate inspection required — probable cause: Voltage Instability caused by abnormal voltage fluctuation
15,Distribution Transformer,0.9138594,High,General Degradation Risk based on combined operating conditions,Immediate inspection required — probable cause: General Degradation Risk based on combined operating conditions
48,Distribution Transformer,0.9130252,High,General Degradation Risk based on combined operating conditions,Immediate inspection required — probable cause: General Degradation Risk based on combined operating conditions
44,Distribution Transformer,0.9108663,High,General Degradation Risk based on combined operating conditions,Immediate inspection required — probable cause: General Degradation Risk based on combined operating conditions
22,Distribution Transformer,0.9099723,High,Sudden Load Variation caused by irregular demand pattern,Immediate inspection required — probable cause: Sudden Load Variation caused by irregular demand pattern
7,Distribution Transformer,0.90964186,High,Electrical Stress caused by high current flow,Immediate inspection required — probable cause: Electrical Stress caused by high current flow
7,Distribution Transformer,0.90917397,High,General Degradation Risk based on combined operating conditions,Immediate inspection required — probable cause: General Degradation Risk based on combined operating conditions
18,Distribution Transformer,0.905763,High,Electrical Stress caused by high current flow,Immediate inspection required — probable cause: Electrical Stress caused by high current flow
48,Distribution Transformer,0.9045405,High,Thermal Overload caused by excessive load and temperature stress,Immediate inspection required — probable cause: Thermal Overload caused by excessive load and temperature stress
13,Distribution Transformer,0.9031892,High,General Degradation Risk based on combined operating conditions,Immediate inspection required — probable cause: General Degradation Risk based on combined operating conditions
26,Distribution Transformer,0.8995856,High,General Degradation Risk based on combined operating conditions,Immediate inspection required — probable cause: General Degradation Risk based on combined operating conditions
26,Distribution Transformer,0.89645374,High,Sudden Load Variation caused by irregular demand pattern,Immediate inspection required — probable cause: Sudden Load Variation caused by irregular demand pattern
43,Distribution Transformer,0.8948544,High,Electrical Stress caused by high current flow,Immediate inspection required — probable cause: Electrical Stress caused by high current flow
26,Distribution Transformer,0.89405376,High,Voltage Instability caused by abnormal voltage fluctuation,Immediate inspection required — probable cause: Voltage Instability caused by abnormal voltage fluctuation
46,Distribution Transformer,0.893363,High,Voltage Instability caused by abnormal voltage fluctuation,Immediate inspection required — probable cause: Voltage Instability caused by abnormal voltage fluctuation
33,Distribution Transformer,0.88955534,High,General Degradation Risk based on combined operating conditions,Immediate inspection required — probable cause: General Degradation Risk based on combined operating conditions
34,Distribution Transformer,0.88861316,High,Electrical Stress caused by high current flow,Immediate inspection required — probable cause: Electrical Stress caused by high current flow
26,Distribution Transformer,0.88474023,High,Sudden Load Variation caused by irregular demand pattern,Immediate inspection required — probable cause: Sudden Load Variation caused by irregular demand pattern
20,Distribution Transformer,0.88155633,High,Thermal Overload caused by excessive load and temperature stress,Immediate inspection required — probable cause: Thermal Overload caused by excessive load and temperature stress
46,Distribution Transformer,0.8812869,High,Electrical Stress caused by high current flow,Immediate inspection required — probable cause: Electrical Stress caused by high current flow
1,Distribution Transformer,0.8750312,High,General Degradation Risk based on combined operating conditions,Immediate inspection required — probable cause: General Degradation Risk based on combined operating conditions
8,Distribution Transformer,0.8718399,High,General Degradation Risk based on combined operating conditions,Immediate inspection required — probable cause: General Degradation Risk based on combined operating conditions
14,Distribution Transformer,0.868465,High,Sudden Load Variation caused by irregular demand pattern,Immediate inspection required — probable cause: Sudden Load Variation caused by irregular demand pattern
39,Distribution Transformer,0.86736536,High,Voltage Instability caused by abnormal voltage fluctuation,Immediate inspection required — probable cause: Voltage Instability caused by abnormal voltage fluctuation
14,Distribution Transformer,0.8549013,High,Electrical Stress caused by high current flow,Immediate inspection required — probable cause: Electrical Stress caused by high current flow
12,Distribution Transformer,0.8490793,High,Sudden Load Variation caused by irregular demand pattern,Immediate inspection required — probable cause: Sudden Load Variation caused by irregular demand pattern
8,Distribution Transformer,0.8419391,High,General Degradation Risk based on combined operating conditions,Immediate inspection required — probable cause: General Degradation Risk based on combined operating conditions
38,Distribution Transformer,0.8385699,High,General Degradation Risk based on combined operating conditions,Immediate inspection required — probable cause: General Degradation Risk based on combined operating conditions
31,Distribution Transformer,0.83697754,High,General Degradation Risk based on combined operating conditions,Immediate inspection required — probable cause: General Degradation Risk based on combined operating conditions
14,Distribution Transformer,0.83640164,High,Electrical Stress caused by high current flow,Immediate inspection required — probable cause: Electrical Stress caused by high current flow
17,Distribution Transformer,0.8347047,High,General Degradation Risk based on combined operating conditions,Immediate inspection required — probable cause: General Degradation Risk based on combined operating conditions
39,Distribution Transformer,0.8334305,High,Sudden Load Variation caused by irregular demand pattern,Immediate inspection required — probable cause: Sudden Load Variation caused by irregular demand pattern
49,Distribution Transformer,0.8330269,High,General Degradation Risk based on combined operating conditions,Immediate inspection required — probable cause: General Degradation Risk based on combined operating conditions
48,Distribution Transformer,0.82636136,High,Voltage Instability caused by abnormal voltage fluctuation,Immediate inspection required — probable cause: Voltage Instability caused by abnormal voltage fluctuation
27,Distribution Transformer,0.8218774,High,General Degradation Risk based on combined operating conditions,Immediate inspection required — probable cause: General Degradation Risk based on combined operating conditions
15,Distribution Transformer,0.81967986,High,Voltage Instability caused by abnormal voltage fluctuation,Immediate inspection required — probable cause: Voltage Instability caused by abnormal voltage fluctuation
27,Distribution Transformer,0.7964988,High,Electrical Stress caused by high current flow,Immediate inspection required — probable cause: Electrical Stress caused by high current flow
2,Distribution Transformer,0.7825518,High,Sudden Load Variation caused by irregular demand pattern,Immediate inspection required — probable cause: Sudden Load Variation caused by irregular demand pattern
7,Distribution Transformer,0.7819518,High,Voltage Instability caused by abnormal voltage fluctuation,Immediate inspection required — probable cause: Voltage Instability caused by abnormal voltage fluctuation
2,Distribution Transformer,0.78159934,High,General Degradation Risk based on combined operating conditions,Immediate inspection required — probable cause: General Degradation Risk based on combined operating conditions
36,Distribution Transformer,0.7778727,High,Sudden Load Variation caused by irregular demand pattern,Immediate inspection required — probable cause: Sudden Load Variation caused by irregular demand pattern
12,Distribution Transformer,0.7761045,High,Electrical Stress caused by high current flow,Immediate inspection required — probable cause: Electrical Stress caused by high current flow
9,Distribution Transformer,0.766272,High,General Degradation Risk based on combined operating conditions,Immediate inspection required — probable cause: General Degradation Risk based on combined operating conditions
2,Distribution Transformer,0.76014405,High,General Degradation Risk based on combined operating conditions,Immediate inspection required — probable cause: General Degradation Risk based on combined operating conditions
3,Distribution Transformer,0.75360906,High,Sudden Load Variation caused by irregular demand pattern,Immediate inspection required — probable cause: Sudden Load Variation caused by irregular demand pattern
11,Distribution Transformer,0.7379175,High,General Degradation Risk based on combined operating conditions,Immediate inspection required — probable cause: General Degradation Risk based on combined operating conditions
39,Distribution Transformer,0.735878,High,Electrical Stress caused by high current flow,Immediate inspection required — probable cause: Electrical Stress caused by high current flow
47,Distribution Transformer,0.73224145,High,General Degradation Risk based on combined operating conditions,Immediate inspection required — probable cause: General Degradation Risk based on combined operating conditions
41,Distribution Transformer,0.7275262,High,Voltage Instability caused by abnormal voltage fluctuation,Immediate inspection required — probable cause: Voltage Instability caused by abnormal voltage fluctuation
1,Distribution Transformer,0.7198735,High,General Degradation Risk based on combined operating conditions,Immediate inspection required — probable cause: General Degradation Risk based on combined operating conditions
45,Distribution Transformer,0.71391624,High,Electrical Stress caused by high current flow,Immediate inspection required — probable cause: Electrical Stress caused by high current flow
18,Distribution Transformer,0.7030472,High,General Degradation Risk based on combined operating conditions,Immediate inspection required — probable cause: General Degradation Risk based on combined operating conditions
1,Distribution Transformer,0.6999034,Medium,General Degradation Risk based on combined operating conditions,Monitor closely — possible cause: General Degradation Risk based on combined operating conditions
1,Distribution Transformer,0.6974053,Medium,General Degradation Risk based on combined operating conditions,Monitor closely — possible cause: General Degradation Risk based on combined operating conditions
2,Distribution Transformer,0.6887712,Medium,Sudden Load Variation caused by irregular demand pattern,Monitor closely — possible cause: Sudden Load Variation caused by irregular demand pattern
28,Distribution Transformer,0.6815652,Medium,General Degradation Risk based on combined operating conditions,Monitor closely — possible cause: General Degradation Risk based on combined operating conditions
17,Distribution Transformer,0.65983856,Medium,Voltage Instability caused by abnormal voltage fluctuation,Monitor closely — possible cause: Voltage Instability caused by abnormal voltage fluctuation
31,Distribution Transformer,0.65446,Medium,Electrical Stress caused by high current flow,Monitor closely — possible cause: Electrical Stress caused by high current flow
8,Distribution Transformer,0.63511145,Medium,General Degradation Risk based on combined operating conditions,Monitor closely — possible cause: General Degradation Risk based on combined operating conditions
35,Distribution Transformer,0.6306227,Medium,Electrical Stress caused by high current flow,Monitor closely — possible cause: Electrical Stress caused by high current flow
11,Distribution Transformer,0.62621,Medium,General Degradation Risk based on combined operating conditions,Monitor closely — possible cause: General Degradation Risk based on combined operating conditions
21,Distribution Transformer,0.6254854,Medium,Electrical Stress caused by high current flow,Monitor closely — possible cause: Electrical Stress caused by high current flow
13,Distribution Transformer,0.616119,Medium,General Degradation Risk based on combined operating conditions,Monitor closely — possible cause: General Degradation Risk based on combined operating conditions
42,Distribution Transformer,0.6156461,Medium,Electrical Stress caused by high current flow,Monitor closely — possible cause: Electrical Stress caused by high current flow
23,Distribution Transformer,0.611394,Medium,General Degradation Risk based on combined operating conditions,Monitor closely — possible cause: General Degradation Risk based on combined operating conditions
46,Distribution Transformer,0.60860145,Medium,General Degradation Risk based on combined operating conditions,Monitor closely — possible cause: General Degradation Risk based on combined operating conditions
16,Distribution Transformer,0.6059442,Medium,Electrical Stress caused by high current flow,Monitor closely — possible cause: Electrical Stress caused by high current flow
9,Distribution Transformer,0.6010153,Medium,General Degradation Risk based on combined operating conditions,Monitor closely — possible cause: General Degradation Risk based on combined operating conditions
9,Distribution Transformer,0.5978049,Medium,General Degradation Risk based on combined operating conditions,Monitor closely — possible cause: General Degradation Risk based on combined operating conditions
36,Distribution Transformer,0.59592354,Medium,General Degradation Risk based on combined operating conditions,Monitor closely — possible cause: General Degradation Risk based on combined operating conditions
8,Distribution Transformer,0.5927936,Medium,General Degradation Risk based on combined operating conditions,Monitor closely — possible cause: General Degradation Risk based on combined operating conditions
6,Distribution Transformer,0.5921862,Medium,Sudden Load Variation caused by irregular demand pattern,Monitor closely — possible cause: Sudden Load Variation caused by irregular demand pattern
6,Distribution Transformer,0.5851176,Medium,General Degradation Risk based on combined operating conditions,Monitor closely — possible cause: General Degradation Risk based on combined operating conditions
28,Distribution Transformer,0.56471086,Medium,Sudden Load Variation caused by irregular demand pattern,Monitor closely — possible cause: Sudden Load Variation caused by irregular demand pattern
6,Distribution Transformer,0.53261787,Medium,General Degradation Risk based on combined operating conditions,Monitor closely — possible cause: General Degradation Risk based on combined operating conditions
26,Distribution Transformer,0.527541,Medium,Electrical Stress caused by high current flow,Monitor closely — possible cause: Electrical Stress caused by high current flow
7,Distribution Transformer,0.5230432,Medium,General Degradation Risk based on combined operating conditions,Monitor closely — possible cause: General Degradation Risk based on combined operating conditions
47,Distribution Transformer,0.5126487,Medium,Sudden Load Variation caused by irregular demand pattern,Monitor closely — possible cause: Sudden Load Variation caused by irregular demand pattern
12,Distribution Transformer,0.5084377,Medium,General Degradation Risk based on combined operating conditions,Monitor closely — possible cause: General Degradation Risk based on combined operating conditions
5,Distribution Transformer,0.5049187,Medium,Thermal Overload caused by excessive load and temperature stress,Monitor closely — possible cause: Thermal Overload caused by excessive load and temperature stress
31,Distribution Transformer,0.49744546,Medium,General Degradation Risk based on combined operating conditions,Monitor closely — possible cause: General Degradation Risk based on combined operating conditions
11,Distribution Transformer,0.4740597,Medium,Sudden Load Variation caused by irregular demand pattern,Monitor closely — possible cause: Sudden Load Variation caused by irregular demand pattern
33,Distribution Transformer,0.47283664,Medium,Electrical Stress caused by high current flow,Monitor closely — possible cause: Electrical Stress caused by high current flow
7,Distribution Transformer,0.46993908,Medium,General Degradation Risk based on combined operating conditions,Monitor closely — possible cause: General Degradation Risk based on combined operating conditions
37,Distribution Transformer,0.4594407,Medium,Voltage Instability caused by abnormal voltage fluctuation,Monitor closely — possible cause: Voltage Instability caused by abnormal voltage fluctuation
21,Distribution Transformer,0.44168577,Medium,Electrical Stress caused by high current flow,Monitor closely — possible cause: Electrical Stress caused by high current flow
22,Distribution Transformer,0.44091856,Medium,General Degradation Risk based on combined operating conditions,Monitor closely — possible cause: General Degradation Risk based on combined operating conditions
17,Distribution Transformer,0.43844053,Medium,General Degradation Risk based on combined operating conditions,Monitor closely — possible cause: General Degradation Risk based on combined operating conditions
35,Distribution Transformer,0.4315557,Medium,General Degradation Risk based on combined operating conditions,Monitor closely — possible cause: General Degradation Risk based on combined operating conditions
10,Distribution Transformer,0.42501622,Medium,Electrical Stress caused by high current flow,Monitor closely — possible cause: Electrical Stress caused by high current flow
28,Distribution Transformer,0.4217626,Medium,General Degradation Risk based on combined operating conditions,Monitor closely — possible cause: General Degradation Risk based on combined operating conditions
13,Distribution Transformer,0.40622413,Medium,Electrical Stress caused by high current flow,Monitor closely — possible cause: Electrical Stress caused by high current flow
18,Distribution Transformer,0.39769933,Low,Electrical Stress caused by high current flow,Stable condition — continue routine monitoring
9,Distribution Transformer,0.3939477,Low,Electrical Stress caused by high current flow,Stable condition — continue routine monitoring
21,Distribution Transformer,0.38692802,Low,General Degradation Risk based on combined operating conditions,Stable condition — continue routine monitoring
35,Distribution Transformer,0.37164912,Low,General Degradation Risk based on combined operating conditions,Stable condition — continue routine monitoring
5,Distribution Transformer,0.36926207,Low,General Degradation Risk based on combined operating conditions,Stable condition — continue routine monitoring
41,Distribution Transformer,0.3687515,Low,General Degradation Risk based on combined operating conditions,Stable condition — continue routine monitoring
36,Distribution Transformer,0.35932982,Low,Sudden Load Variation caused by irregular demand pattern,Stable condition — continue routine monitoring
47,Distribution Transformer,0.3588772,Low,Sudden Load Variation caused by irregular demand pattern,Stable condition — continue routine monitoring
36,Distribution Transformer,0.35708603,Low,General Degradation Risk based on combined operating conditions,Stable condition — continue routine monitoring
6,Distribution Transformer,0.35361114,Low,General Degradation Risk based on combined operating conditions,Stable condition — continue routine monitoring
5,Distribution Transformer,0.34090376,Low,General Degradation Risk based on combined operating conditions,Stable condition — continue routine monitoring
5,Distribution Transformer,0.3347912,Low,General Degradation Risk based on combined operating conditions,Stable condition — continue routine monitoring
4,Distribution Transformer,0.32605034,Low,Electrical Stress caused by high current flow,Stable condition — continue routine monitoring
7,Distribution Transformer,0.31469837,Low,General Degradation Risk based on combined operating conditions,Stable condition — continue routine monitoring
8,Distribution Transformer,0.308217,Low,Electrical Stress caused by high current flow,Stable condition — continue routine monitoring
24,Distribution Transformer,0.30462584,Low,Electrical Stress caused by high current flow,Stable condition — continue routine monitoring
43,Distribution Transformer,0.30420902,Low,General Degradation Risk based on combined operating conditions,Stable condition — continue routine monitoring
25,Distribution Transformer,0.2990627,Low,Thermal Overload caused by excessive load and temperature stress,Stable condition — continue routine monitoring
37,Distribution Transformer,0.29536286,Low,General Degradation Risk based on combined operating conditions,Stable condition — continue routine monitoring
48,Distribution Transformer,0.29485637,Low,Thermal Overload caused by excessive load and temperature stress,Stable condition — continue routine monitoring
24,Distribution Transformer,0.29438627,Low,General Degradation Risk based on combined operating conditions,Stable condition — continue routine monitoring
32,Distribution Transformer,0.29323024,Low,General Degradation Risk based on combined operating conditions,Stable condition — continue routine monitoring
41,Distribution Transformer,0.2846955,Low,General Degradation Risk based on combined operating conditions,Stable condition — continue routine monitoring
30,Distribution Transformer,0.28128102,Low,Voltage Instability caused by abnormal voltage fluctuation,Stable condition — continue routine monitoring
26,Distribution Transformer,0.2808525,Low,Thermal Overload caused by excessive load and temperature stress,Stable condition — continue routine monitoring
8,Distribution Transformer,0.2757634,Low,General Degradation Risk based on combined operating conditions,Stable condition — continue routine monitoring
28,Distribution Transformer,0.27121246,Low,General Degradation Risk based on combined operating conditions,Stable condition — continue routine monitoring
37,Distribution Transformer,0.26763144,Low,General Degradation Risk based on combined operating conditions,Stable condition — continue routine monitoring
29,Distribution Transformer,0.26060867,Low,Electrical Stress caused by high current flow,Stable condition — continue routine monitoring
33,Distribution Transformer,0.25890756,Low,General Degradation Risk based on combined operating conditions,Stable condition — continue routine monitoring
9,Distribution Transformer,0.25548702,Low,General Degradation Risk based on combined operating conditions,Stable condition — continue routine monitoring
22,Distribution Transformer,0.25463098,Low,General Degradation Risk based on combined operating conditions,Stable condition — continue routine monitoring
38,Distribution Transformer,0.24800111,Low,Electrical Stress caused by high current flow,Stable condition — continue routine monitoring
19,Distribution Transformer,0.24757423,Low,General Degradation Risk based on combined operating conditions,Stable condition — continue routine monitoring
1,Distribution Transformer,0.24708223,Low,General Degradation Risk based on combined operating conditions,Stable condition — continue routine monitoring
25,Distribution Transformer,0.24411143,Low,General Degradation Risk based on combined operating conditions,Stable condition — continue routine monitoring
18,Distribution Transformer,0.2417395,Low,Sudden Load Variation caused by irregular demand pattern,Stable condition — continue routine monitoring
12,Distribution Transformer,0.24115601,Low,Electrical Stress caused by high current flow,Stable condition — continue routine monitoring
40,Distribution Transformer,0.24095233,Low,Electrical Stress caused by high current flow,Stable condition — continue routine monitoring
15,Distribution Transformer,0.23910367,Low,General Degradation Risk based on combined operating conditions,Stable condition — continue routine monitoring
26,Distribution Transformer,0.23737028,Low,General Degradation Risk based on combined operating conditions,Stable condition — continue routine monitoring
9,Distribution Transformer,0.2355714,Low,General Degradation Risk based on combined operating conditions,Stable condition — continue routine monitoring
6,Distribution Transformer,0.23449625,Low,Voltage Instability caused by abnormal voltage fluctuation,Stable condition — continue routine monitoring
34,Distribution Transformer,0.233981,Low,General Degradation Risk based on combined operating conditions,Stable condition — continue routine monitoring
10,Distribution Transformer,0.23222645,Low,General Degradation Risk based on combined operating conditions,Stable condition — continue routine monitoring
10,Distribution Transformer,0.22982493,Low,General Degradation Risk based on combined operating conditions,Stable condition — continue routine monitoring
39,Distribution Transformer,0.22945574,Low,General Degradation Risk based on combined operating conditions,Stable condition — continue routine monitoring
13,Distribution Transformer,0.22674727,Low,Electrical Stress caused by high current flow,Stable condition — continue routine monitoring
16,Distribution Transformer,0.22339958,Low,General Degradation Risk based on combined operating conditions,Stable condition — continue routine monitoring
18,Distribution Transformer,0.2227174,Low,General Degradation Risk based on combined operating conditions,Stable condition — continue routine monitoring
2,Distribution Transformer,0.22125082,Low,Electrical Stress caused by high current flow,Stable condition — continue routine monitoring
40,Distribution Transformer,0.22026561,Low,General Degradation Risk based on combined operating conditions,Stable condition — continue routine monitoring
11,Distribution Transformer,0.2198372,Low,General Degradation Risk based on combined operating conditions,Stable condition — continue routine monitoring
49,Distribution Transformer,0.21963474,Low,General Degradation Risk based on combined operating conditions,Stable condition — continue routine monitoring
12,Distribution Transformer,0.2154707,Low,Electrical Stress caused by high current flow,Stable condition — continue routine monitoring
4,Distribution Transformer,0.21502171,Low,General Degradation Risk based on combined operating conditions,Stable condition — continue routine monitoring
40,Distribution Transformer,0.21437643,Low,General Degradation Risk based on combined operating conditions,Stable condition — continue routine monitoring
1,Distribution Transformer,0.21304761,Low,Electrical Stress caused by high current flow,Stable condition — continue routine monitoring
5,Distribution Transformer,0.2127714,Low,General Degradation Risk based on combined operating conditions,Stable condition — continue routine monitoring
22,Distribution Transformer,0.21061596,Low,General Degradation Risk based on combined operating conditions,Stable condition — continue routine monitoring
42,Distribution Transformer,0.20729323,Low,General Degradation Risk based on combined operating conditions,Stable condition — continue routine monitoring
44,Distribution Transformer,0.20676845,Low,General Degradation Risk based on combined operating conditions,Stable condition — continue routine monitoring
12,Distribution Transformer,0.20612125,Low,General Degradation Risk based on combined operating conditions,Stable condition — continue routine monitoring
30,Distribution Transformer,0.20438337,Low,Electrical Stress caused by high current flow,Stable condition — continue routine monitoring
22,Distribution Transformer,0.1993248,Low,General Degradation Risk based on combined operating conditions,Stable condition — continue routine monitoring
20,Distribution Transformer,0.19731337,Low,Sudden Load Variation caused by irregular demand pattern,Stable condition — continue routine monitoring
23,Distribution Transformer,0.1958962,Low,General Degradation Risk based on combined operating conditions,Stable condition — continue routine monitoring
33,Distribution Transformer,0.19547021,Low,Electrical Stress caused by high current flow,Stable condition — continue routine monitoring
22,Distribution Transformer,0.19498946,Low,General Degradation Risk based on combined operating conditions,Stable condition — continue routine monitoring
21,Distribution Transformer,0.19355255,Low,Electrical Stress caused by high current flow,Stable condition — continue routine monitoring
43,Distribution Transformer,0.19200017,Low,Sudden Load Variation caused by irregular demand pattern,Stable condition — continue routine monitoring
33,Distribution Transformer,0.19028012,Low,General Degradation Risk based on combined operating conditions,Stable condition — continue routine monitoring
36,Distribution Transformer,0.18979284,Low,Electrical Stress caused by high current flow,Stable condition — continue routine monitoring
32,Distribution Transformer,0.18959348,Low,Electrical Stress caused by high current flow,Stable condition — continue routine monitoring
33,Distribution Transformer,0.18886651,Low,Electrical Stress caused by high current flow,Stable condition — continue routine monitoring
16,Distribution Transformer,0.18877192,Low,General Degradation Risk based on combined operating conditions,Stable condition — continue routine monitoring
11,Distribution Transformer,0.18845525,Low,General Degradation Risk based on combined operating conditions,Stable condition — continue routine monitoring
37,Distribution Transformer,0.18769023,Low,General Degradation Risk based on combined operating conditions,Stable condition — continue routine monitoring
11,Distribution Transformer,0.18765217,Low,General Degradation Risk based on combined operating conditions,Stable condition — continue routine monitoring
32,Distribution Transformer,0.1875885,Low,Electrical Stress caused by high current flow,Stable condition — continue routine monitoring
30,Distribution Transformer,0.18654943,Low,Electrical Stress caused by high current flow,Stable condition — continue routine monitoring
21,Distribution Transformer,0.18471684,Low,Electrical Stress caused by high current flow,Stable condition — continue routine monitoring
7,Distribution Transformer,0.18462121,Low,General Degradation Risk based on combined operating conditions,Stable condition — continue routine monitoring
41,Distribution Transformer,0.18312271,Low,General Degradation Risk based on combined operating conditions,Stable condition — continue routine monitoring
18,Distribution Transformer,0.18004936,Low,General Degradation Risk based on combined operating conditions,Stable condition — continue routine monitoring
3,Distribution Transformer,0.17920032,Low,Electrical Stress caused by high current flow,Stable condition — continue routine monitoring
11,Distribution Transformer,0.17915554,Low,Electrical Stress caused by high current flow,Stable condition — continue routine monitoring
41,Distribution Transformer,0.1788306,Low,General Degradation Risk based on combined operating conditions,Stable condition — continue routine monitoring
33,Distribution Transformer,0.17869365,Low,Sudden Load Variation caused by irregular demand pattern,Stable condition — continue routine monitoring
15,Distribution Transformer,0.17826083,Low,General Degradation Risk based on combined operating conditions,Stable condition — continue routine monitoring
44,Distribution Transformer,0.17696905,Low,General Degradation Risk based on combined operating conditions,Stable condition — continue routine monitoring
13,Distribution Transformer,0.17589952,Low,Electrical Stress caused by high current flow,Stable condition — continue routine monitoring
26,Distribution Transformer,0.1755031,Low,General Degradation Risk based on combined operating conditions,Stable condition — continue routine monitoring
5,Distribution Transformer,0.17340957,Low,General Degradation Risk based on combined operating conditions,Stable condition — continue routine monitoring
22,Distribution Transformer,0.17251563,Low,General Degradation Risk based on combined operating conditions,Stable condition — continue routine monitoring
35,Distribution Transformer,0.17208503,Low,General Degradation Risk based on combined operating conditions,Stable condition — continue routine monitoring
22,Distribution Transformer,0.17110193,Low,Electrical Stress caused by high current flow,Stable condition — continue routine monitoring
1,Distribution Transformer,0.17087361,Low,Electrical Stress caused by high current flow,Stable condition — continue routine monitoring
28,Distribution Transformer,0.16932425,Low,General Degradation Risk based on combined operating conditions,Stable condition — continue routine monitoring
26,Distribution Transformer,0.16922015,Low,General Degradation Risk based on combined operating conditions,Stable condition — continue routine monitoring
9,Distribution Transformer,0.16891575,Low,General Degradation Risk based on combined operating conditions,Stable condition — continue routine monitoring
30,Distribution Transformer,0.16807076,Low,Electrical Stress caused by high current flow,Stable condition — continue routine monitoring
33,Distribution Transformer,0.16696946,Low,General Degradation Risk based on combined operating conditions,Stable condition — continue routine monitoring
49,Distribution Transformer,0.16625805,Low,General Degradation Risk based on combined operating conditions,Stable condition — continue routine monitoring
40,Distribution Transformer,0.165182,Low,Thermal Overload caused by excessive load and temperature stress,Stable condition — continue routine monitoring
20,Distribution Transformer,0.16449754,Low,General Degradation Risk based on combined operating conditions,Stable condition — continue routine monitoring
41,Distribution Transformer,0.16372088,Low,General Degradation Risk based on combined operating conditions,Stable condition — continue routine monitoring
26,Distribution Transformer,0.16261676,Low,General Degradation Risk based on combined operating conditions,Stable condition — continue routine monitoring
31,Distribution Transformer,0.16254866,Low,General Degradation Risk based on combined operating conditions,Stable condition — continue routine monitoring
26,Distribution Transformer,0.15972517,Low,General Degradation Risk based on combined operating conditions,Stable condition — continue routine monitoring
46,Distribution Transformer,0.159603,Low,General Degradation Risk based on combined operating conditions,Stable condition — continue routine monitoring
25,Distribution Transformer,0.15795402,Low,Electrical Stress caused by high current flow,Stable condition — continue routine monitoring
34,Distribution Transformer,0.1576695,Low,Voltage Instability caused by abnormal voltage fluctuation,Stable condition — continue routine monitoring
35,Distribution Transformer,0.15687607,Low,General Degradation Risk based on combined operating conditions,Stable condition — continue routine monitoring
37,Distribution Transformer,0.15623385,Low,General Degradation Risk based on combined operating conditions,Stable condition — continue routine monitoring
20,Distribution Transformer,0.15497708,Low,General Degradation Risk based on combined operating conditions,Stable condition — continue routine monitoring
6,Distribution Transformer,0.15489395,Low,General Degradation Risk based on combined operating conditions,Stable condition — continue routine monitoring
8,Distribution Transformer,0.15484707,Low,Voltage Instability caused by abnormal voltage fluctuation,Stable condition — continue routine monitoring
14,Distribution Transformer,0.1547688,Low,Electrical Stress caused by high current flow,Stable condition — continue routine monitoring
3,Distribution Transformer,0.15372856,Low,General Degradation Risk based on combined operating conditions,Stable condition — continue routine monitoring
49,Distribution Transformer,0.15284799,Low,Sudden Load Variation caused by irregular demand pattern,Stable condition — continue routine monitoring
43,Distribution Transformer,0.15273428,Low,General Degradation Risk based on combined operating conditions,Stable condition — continue routine monitoring
15,Distribution Transformer,0.15194106,Low,Electrical Stress caused by high current flow,Stable condition — continue routine monitoring
15,Distribution Transformer,0.15184782,Low,General Degradation Risk based on combined operating conditions,Stable condition — continue routine monitoring
30,Distribution Transformer,0.15171154,Low,Electrical Stress caused by high current flow,Stable condition — continue routine monitoring
23,Distribution Transformer,0.15147048,Low,General Degradation Risk based on combined operating conditions,Stable condition — continue routine monitoring
17,Distribution Transformer,0.14888462,Low,Electrical Stress caused by high current flow,Stable condition — continue routine monitoring
36,Distribution Transformer,0.14779836,Low,Electrical Stress caused by high current flow,Stable condition — continue routine monitoring
42,Distribution Transformer,0.14764391,Low,Electrical Stress caused by high current flow,Stable condition — continue routine monitoring
32,Distribution Transformer,0.14759547,Low,Sudden Load Variation caused by irregular demand pattern,Stable condition — continue routine monitoring
46,Distribution Transformer,0.1470399,Low,Electrical Stress caused by high current flow,Stable condition — continue routine monitoring
21,Distribution Transformer,0.14594406,Low,General Degradation Risk based on combined operating conditions,Stable condition — continue routine monitoring
35,Distribution Transformer,0.14471988,Low,Electrical Stress caused by high current flow,Stable condition — continue routine monitoring
10,Distribution Transformer,0.14453477,Low,General Degradation Risk based on combined operating conditions,Stable condition — continue routine monitoring
38,Distribution Transformer,0.14247553,Low,General Degradation Risk based on combined operating conditions,Stable condition — continue routine monitoring
38,Distribution Transformer,0.1422204,Low,General Degradation Risk based on combined operating conditions,Stable condition — continue routine monitoring
18,Distribution Transformer,0.14219585,Low,General Degradation Risk based on combined operating conditions,Stable condition — continue routine monitoring
8,Distribution Transformer,0.14215271,Low,Electrical Stress caused by high current flow,Stable condition — continue routine monitoring
2,Distribution Transformer,0.14148133,Low,Electrical Stress caused by high current flow,Stable condition — continue routine monitoring
24,Distribution Transformer,0.14136524,Low,General Degradation Risk based on combined operating conditions,Stable condition — continue routine monitoring
14,Distribution Transformer,0.1404831,Low,Electrical Stress caused by high current flow,Stable condition — continue routine monitoring
43,Distribution Transformer,0.14034232,Low,Sudden Load Variation caused by irregular demand pattern,Stable condition — continue routine monitoring
15,Distribution Transformer,0.14019625,Low,Electrical Stress caused by high current flow,Stable condition — continue routine monitoring
14,Distribution Transformer,0.13907091,Low,Thermal Overload caused by excessive load and temperature stress,Stable condition — continue routine monitoring
21,Distribution Transformer,0.13864318,Low,Electrical Stress caused by high current flow,Stable condition — continue routine monitoring
25,Distribution Transformer,0.13851298,Low,Sudden Load Variation caused by irregular demand pattern,Stable condition — continue routine monitoring
7,Distribution Transformer,0.13670291,Low,General Degradation Risk based on combined operating conditions,Stable condition — continue routine monitoring
13,Distribution Transformer,0.13609146,Low,General Degradation Risk based on combined operating conditions,Stable condition — continue routine monitoring
44,Distribution Transformer,0.13594632,Low,General Degradation Risk based on combined operating conditions,Stable condition — continue routine monitoring
21,Distribution Transformer,0.13372235,Low,Sudden Load Variation caused by irregular demand pattern,Stable condition — continue routine monitoring
43,Distribution Transformer,0.13285115,Low,Electrical Stress caused by high current flow,Stable condition — continue routine monitoring
28,Distribution Transformer,0.13249907,Low,General Degradation Risk based on combined operating conditions,Stable condition — continue routine monitoring
3,Distribution Transformer,0.13222972,Low,Electrical Stress caused by high current flow,Stable condition — continue routine monitoring
34,Distribution Transformer,0.13159369,Low,General Degradation Risk based on combined operating conditions,Stable condition — continue routine monitoring
5,Distribution Transformer,0.13090205,Low,General Degradation Risk based on combined operating conditions,Stable condition — continue routine monitoring
16,Distribution Transformer,0.13059095,Low,Electrical Stress caused by high current flow,Stable condition — continue routine monitoring
44,Distribution Transformer,0.12950897,Low,Thermal Overload caused by excessive load and temperature stress,Stable condition — continue routine monitoring
40,Distribution Transformer,0.12892209,Low,General Degradation Risk based on combined operating conditions,Stable condition — continue routine monitoring
10,Distribution Transformer,0.1289155,Low,General Degradation Risk based on combined operating conditions,Stable condition — continue routine monitoring
28,Distribution Transformer,0.12855284,Low,Electrical Stress caused by high current flow,Stable condition — continue routine monitoring
40,Distribution Transformer,0.12793534,Low,Electrical Stress caused by high current flow,Stable condition — continue routine monitoring
47,Distribution Transformer,0.12713312,Low,Voltage Instability caused by abnormal voltage fluctuation,Stable condition — continue routine monitoring
36,Distribution Transformer,0.12671284,Low,General Degradation Risk based on combined operating conditions,Stable condition — continue routine monitoring
18,Distribution Transformer,0.12622462,Low,Electrical Stress caused by high current flow,Stable condition — continue routine monitoring
42,Distribution Transformer,0.1260316,Low,Electrical Stress caused by high current flow,Stable condition — continue routine monitoring
48,Distribution Transformer,0.12578723,Low,Sudden Load Variation caused by irregular demand pattern,Stable condition — continue routine monitoring
19,Distribution Transformer,0.1256939,Low,Sudden Load Variation caused by irregular demand pattern,Stable condition — continue routine monitoring
7,Distribution Transformer,0.124769025,Low,Thermal Overload caused by excessive load and temperature stress,Stable condition — continue routine monitoring
18,Distribution Transformer,0.12441052,Low,General Degradation Risk based on combined operating conditions,Stable condition — continue routine monitoring
6,Distribution Transformer,0.12440178,Low,Electrical Stress caused by high current flow,Stable condition — continue routine monitoring
9,Distribution Transformer,0.12427223,Low,Sudden Load Variation caused by irregular demand pattern,Stable condition — continue routine monitoring
13,Distribution Transformer,0.12410798,Low,Electrical Stress caused by high current flow,Stable condition — continue routine monitoring
17,Distribution Transformer,0.12387952,Low,Electrical Stress caused by high current flow,Stable condition — continue routine monitoring
45,Distribution Transformer,0.12351769,Low,Electrical Stress caused by high current flow,Stable condition — continue routine monitoring
42,Distribution Transformer,0.12329516,Low,Thermal Overload caused by excessive load and temperature stress,Stable condition — continue routine monitoring
24,Distribution Transformer,0.12309724,Low,Sudden Load Variation caused by irregular demand pattern,Stable condition — continue routine monitoring
2,Distribution Transformer,0.12268555,Low,General Degradation Risk based on combined operating conditions,Stable condition — continue routine monitoring
30,Distribution Transformer,0.12266888,Low,General Degradation Risk based on combined operating conditions,Stable condition — continue routine monitoring
39,Distribution Transformer,0.12220619,Low,Sudden Load Variation caused by irregular demand pattern,Stable condition — continue routine monitoring
5,Distribution Transformer,0.121685825,Low,General Degradation Risk based on combined operating conditions,Stable condition — continue routine monitoring
27,Distribution Transformer,0.121133454,Low,General Degradation Risk based on combined operating conditions,Stable condition — continue routine monitoring
49,Distribution Transformer,0.12013307,Low,Electrical Stress caused by high current flow,Stable condition — continue routine monitoring
31,Distribution Transformer,0.11993872,Low,General Degradation Risk based on combined operating conditions,Stable condition — continue routine monitoring
25,Distribution Transformer,0.11954921,Low,Electrical Stress caused by high current flow,Stable condition — continue routine monitoring
33,Distribution Transformer,0.11906969,Low,General Degradation Risk based on combined operating conditions,Stable condition — continue routine monitoring
11,Distribution Transformer,0.1183621,Low,General Degradation Risk based on combined operating conditions,Stable condition — continue routine monitoring
36,Distribution Transformer,0.1183035,Low,Electrical Stress caused by high current flow,Stable condition — continue routine monitoring
29,Distribution Transformer,0.11756942,Low,General Degradation Risk based on combined operating conditions,Stable condition — continue routine monitoring
38,Distribution Transformer,0.116647616,Low,General Degradation Risk based on combined operating conditions,Stable condition — continue routine monitoring
23,Distribution Transformer,0.11661996,Low,General Degradation Risk based on combined operating conditions,Stable condition — continue routine monitoring
22,Distribution Transformer,0.11612065,Low,General Degradation Risk based on combined operating conditions,Stable condition — continue routine monitoring
39,Distribution Transformer,0.11590007,Low,Sudden Load Variation caused by irregular demand pattern,Stable condition — continue routine monitoring
4,Distribution Transformer,0.115420416,Low,General Degradation Risk based on combined operating conditions,Stable condition — continue routine monitoring
30,Distribution Transformer,0.114611246,Low,General Degradation Risk based on combined operating conditions,Stable condition — continue routine monitoring
48,Distribution Transformer,0.11427717,Low,Electrical Stress caused by high current flow,Stable condition — continue routine monitoring
40,Distribution Transformer,0.11355565,Low,General Degradation Risk based on combined operating conditions,Stable condition — continue routine monitoring
4,Distribution Transformer,0.11354374,Low,General Degradation Risk based on combined operating conditions,Stable condition — continue routine monitoring
8,Distribution Transformer,0.11353324,Low,Thermal Overload caused by excessive load and temperature stress,Stable condition — continue routine monitoring
30,Distribution Transformer,0.11338234,Low,General Degradation Risk based on combined operating conditions,Stable condition — continue routine monitoring
49,Distribution Transformer,0.113249205,Low,Electrical Stress caused by high current flow,Stable condition — continue routine monitoring
26,Distribution Transformer,0.1132218,Low,General Degradation Risk based on combined operating conditions,Stable condition — continue routine monitoring
32,Distribution Transformer,0.11309127,Low,Electrical Stress caused by high current flow,Stable condition — continue routine monitoring
36,Distribution Transformer,0.11271171,Low,Electrical Stress caused by high current flow,Stable condition — continue routine monitoring
2,Distribution Transformer,0.11247801,Low,General Degradation Risk based on combined operating conditions,Stable condition — continue routine monitoring
42,Distribution Transformer,0.11245699,Low,General Degradation Risk based on combined operating conditions,Stable condition — continue routine monitoring
20,Distribution Transformer,0.111441985,Low,Electrical Stress caused by high current flow,Stable condition — continue routine monitoring
12,Distribution Transformer,0.1113644,Low,General Degradation Risk based on combined operating conditions,Stable condition — continue routine monitoring
26,Distribution Transformer,0.11134765,Low,General Degradation Risk based on combined operating conditions,Stable condition — continue routine monitoring
28,Distribution Transformer,0.11085197,Low,General Degradation Risk based on combined operating conditions,Stable condition — continue routine monitoring
29,Distribution Transformer,0.11046217,Low,General Degradation Risk based on combined operating conditions,Stable condition — continue routine monitoring
28,Distribution Transformer,0.110301405,Low,Electrical Stress caused by high current flow,Stable condition — continue routine monitoring
1,Distribution Transformer,0.11018184,Low,Sudden Load Variation caused by irregular demand pattern,Stable condition — continue routine monitoring
6,Distribution Transformer,0.109430276,Low,General Degradation Risk based on combined operating conditions,Stable condition — continue routine monitoring
37,Distribution Transformer,0.10927618,Low,General Degradation Risk based on combined operating conditions,Stable condition — continue routine monitoring
12,Distribution Transformer,0.10923147,Low,General Degradation Risk based on combined operating conditions,Stable condition — continue routine monitoring
49,Distribution Transformer,0.10908638,Low,General Degradation Risk based on combined operating conditions,Stable condition — continue routine monitoring
26,Distribution Transformer,0.10899873,Low,General Degradation Risk based on combined operating conditions,Stable condition — continue routine monitoring
13,Distribution Transformer,0.10893257,Low,General Degradation Risk based on combined operating conditions,Stable condition — continue routine monitoring
11,Distribution Transformer,0.108663924,Low,General Degradation Risk based on combined operating conditions,Stable condition — continue routine monitoring
22,Distribution Transformer,0.10858087,Low,General Degradation Risk based on combined operating conditions,Stable condition — continue routine monitoring
10,Distribution Transformer,0.10797668,Low,Electrical Stress caused by high current flow,Stable condition — continue routine monitoring
22,Distribution Transformer,0.107534796,Low,General Degradation Risk based on combined operating conditions,Stable condition — continue routine monitoring
47,Distribution Transformer,0.107260056,Low,General Degradation Risk based on combined operating conditions,Stable condition — continue routine monitoring
5,Distribution Transformer,0.10689685,Low,General Degradation Risk based on combined operating conditions,Stable condition — continue routine monitoring
31,Distribution Transformer,0.106423214,Low,General Degradation Risk based on combined operating conditions,Stable condition — continue routine monitoring
35,Distribution Transformer,0.10525532,Low,General Degradation Risk based on combined operating conditions,Stable condition — continue routine monitoring
29,Distribution Transformer,0.10516979,Low,General Degradation Risk based on combined operating conditions,Stable condition — continue routine monitoring
20,Distribution Transformer,0.104970925,Low,General Degradation Risk based on combined operating conditions,Stable condition — continue routine monitoring
26,Distribution Transformer,0.10490393,Low,Electrical Stress caused by high current flow,Stable condition — continue routine monitoring
18,Distribution Transformer,0.104796454,Low,Electrical Stress caused by high current flow,Stable condition — continue routine monitoring
25,Distribution Transformer,0.10439526,Low,General Degradation Risk based on combined operating conditions,Stable condition — continue routine monitoring
20,Distribution Transformer,0.1043707,Low,Voltage Instability caused by abnormal voltage fluctuation,Stable condition — continue routine monitoring
37,Distribution Transformer,0.103906475,Low,General Degradation Risk based on combined operating conditions,Stable condition — continue routine monitoring
39,Distribution Transformer,0.1034174,Low,General Degradation Risk based on combined operating conditions,Stable condition — continue routine monitoring
5,Distribution Transformer,0.10330577,Low,General Degradation Risk based on combined operating conditions,Stable condition — continue routine monitoring
12,Distribution Transformer,0.10307663,Low,Thermal Overload caused by excessive load and temperature stress,Stable condition — continue routine monitoring
30,Distribution Transformer,0.10297716,Low,Electrical Stress caused by high current flow,Stable condition — continue routine monitoring
14,Distribution Transformer,0.1025451,Low,Electrical Stress caused by high current flow,Stable condition — continue routine monitoring
30,Distribution Transformer,0.10188605,Low,General Degradation Risk based on combined operating conditions,Stable condition — continue routine monitoring
36,Distribution Transformer,0.10102705,Low,General Degradation Risk based on combined operating conditions,Stable condition — continue routine monitoring
47,Distribution Transformer,0.10033764,Low,General Degradation Risk based on combined operating conditions,Stable condition — continue routine monitoring
36,Distribution Transformer,0.10031372,Low,Thermal Overload caused by excessive load and temperature stress,Stable condition — continue routine monitoring
26,Distribution Transformer,0.09992456,Low,General Degradation Risk based on combined operating conditions,Stable condition — continue routine monitoring
2,Distribution Transformer,0.09980915,Low,Electrical Stress caused by high current flow,Stable condition — continue routine monitoring
29,Distribution Transformer,0.09967036,Low,Electrical Stress caused by high current flow,Stable condition — continue routine monitoring
44,Distribution Transformer,0.099639766,Low,General Degradation Risk based on combined operating conditions,Stable condition — continue routine monitoring
36,Distribution Transformer,0.09935544,Low,General Degradation Risk based on combined operating conditions,Stable condition — continue routine monitoring
41,Distribution Transformer,0.09929028,Low,General Degradation Risk based on combined operating conditions,Stable condition — continue routine monitoring
20,Distribution Transformer,0.098291725,Low,Voltage Instability caused by abnormal voltage fluctuation,Stable condition — continue routine monitoring
21,Distribution Transformer,0.09827004,Low,General Degradation Risk based on combined operating conditions,Stable condition — continue routine monitoring
35,Distribution Transformer,0.097793266,Low,Electrical Stress caused by high current flow,Stable condition — continue routine monitoring
36,Distribution Transformer,0.09719252,Low,Voltage Instability caused by abnormal voltage fluctuation,Stable condition — continue routine monitoring
30,Distribution Transformer,0.09686786,Low,General Degradation Risk based on combined operating conditions,Stable condition — continue routine monitoring
26,Distribution Transformer,0.09684982,Low,General Degradation Risk based on combined operating conditions,Stable condition — continue routine monitoring
49,Distribution Transformer,0.096805684,Low,General Degradation Risk based on combined operating conditions,Stable condition — continue routine monitoring
40,Distribution Transformer,0.09641766,Low,General Degradation Risk based on combined operating conditions,Stable condition — continue routine monitoring
44,Distribution Transformer,0.09618176,Low,Sudden Load Variation caused by irregular demand pattern,Stable condition — continue routine monitoring
42,Distribution Transformer,0.09611758,Low,Voltage Instability caused by abnormal voltage fluctuation,Stable condition — continue routine monitoring
14,Distribution Transformer,0.09594894,Low,General Degradation Risk based on combined operating conditions,Stable condition — continue routine monitoring
42,Distribution Transformer,0.094502695,Low,Sudden Load Variation caused by irregular demand pattern,Stable condition — continue routine monitoring
39,Distribution Transformer,0.09350809,Low,Voltage Instability caused by abnormal voltage fluctuation,Stable condition — continue routine monitoring
12,Distribution Transformer,0.09334991,Low,Electrical Stress caused by high current flow,Stable condition — continue routine monitoring
3,Distribution Transformer,0.09268697,Low,General Degradation Risk based on combined operating conditions,Stable condition — continue routine monitoring
12,Distribution Transformer,0.09268537,Low,General Degradation Risk based on combined operating conditions,Stable condition — continue routine monitoring
2,Distribution Transformer,0.09250366,Low,Electrical Stress caused by high current flow,Stable condition — continue routine monitoring
6,Distribution Transformer,0.09239194,Low,General Degradation Risk based on combined operating conditions,Stable condition — continue routine monitoring
1,Distribution Transformer,0.09205606,Low,General Degradation Risk based on combined operating conditions,Stable condition — continue routine monitoring
28,Distribution Transformer,0.09163805,Low,General Degradation Risk based on combined operating conditions,Stable condition — continue routine monitoring
23,Distribution Transformer,0.09123113,Low,Sudden Load Variation caused by irregular demand pattern,Stable condition — continue routine monitoring
24,Distribution Transformer,0.09091686,Low,General Degradation Risk based on combined operating conditions,Stable condition — continue routine monitoring
4,Distribution Transformer,0.09045941,Low,Sudden Load Variation caused by irregular demand pattern,Stable condition — continue routine monitoring
15,Distribution Transformer,0.089895085,Low,Electrical Stress caused by high current flow,Stable condition — continue routine monitoring
8,Distribution Transformer,0.08982579,Low,General Degradation Risk based on combined operating conditions,Stable condition — continue routine monitoring
1,Distribution Transformer,0.089676976,Low,Sudden Load Variation caused by irregular demand pattern,Stable condition — continue routine monitoring
6,Distribution Transformer,0.089398906,Low,Voltage Instability caused by abnormal voltage fluctuation,Stable condition — continue routine monitoring
18,Distribution Transformer,0.089369535,Low,Electrical Stress caused by high current flow,Stable condition — continue routine monitoring
30,Distribution Transformer,0.08933132,Low,Sudden Load Variation caused by irregular demand pattern,Stable condition — continue routine monitoring
35,Distribution Transformer,0.08911747,Low,Thermal Overload caused by excessive load and temperature stress,Stable condition — continue routine monitoring
45,Distribution Transformer,0.08874746,Low,General Degradation Risk based on combined operating conditions,Stable condition — continue routine monitoring
10,Distribution Transformer,0.088743836,Low,Electrical Stress caused by high current flow,Stable condition — continue routine monitoring
33,Distribution Transformer,0.08855784,Low,Electrical Stress caused by high current flow,Stable condition — continue routine monitoring
16,Distribution Transformer,0.08853313,Low,General Degradation Risk based on combined operating conditions,Stable condition — continue routine monitoring
9,Distribution Transformer,0.08843372,Low,Electrical Stress caused by high current flow,Stable condition — continue routine monitoring
34,Distribution Transformer,0.0879768,Low,Voltage Instability caused by abnormal voltage fluctuation,Stable condition — continue routine monitoring
27,Distribution Transformer,0.08781804,Low,General Degradation Risk based on combined operating conditions,Stable condition — continue routine monitoring
23,Distribution Transformer,0.08724325,Low,General Degradation Risk based on combined operating conditions,Stable condition — continue routine monitoring
10,Distribution Transformer,0.08717591,Low,General Degradation Risk based on combined operating conditions,Stable condition — continue routine monitoring
19,Distribution Transformer,0.086923376,Low,Electrical Stress caused by high current flow,Stable condition — continue routine monitoring
15,Distribution Transformer,0.08686591,Low,Electrical Stress caused by high current flow,Stable condition — continue routine monitoring
32,Distribution Transformer,0.08654205,Low,General Degradation Risk based on combined operating conditions,Stable condition — continue routine monitoring
1,Distribution Transformer,0.0861658,Low,General Degradation Risk based on combined operating conditions,Stable condition — continue routine monitoring
46,Distribution Transformer,0.08582251,Low,Electrical Stress caused by high current flow,Stable condition — continue routine monitoring
32,Distribution Transformer,0.085735284,Low,General Degradation Risk based on combined operating conditions,Stable condition — continue routine monitoring
7,Distribution Transformer,0.08573321,Low,General Degradation Risk based on combined operating conditions,Stable condition — continue routine monitoring
15,Distribution Transformer,0.08532498,Low,Electrical Stress caused by high current flow,Stable condition — continue routine monitoring
6,Distribution Transformer,0.08529662,Low,Electrical Stress caused by high current flow,Stable condition — continue routine monitoring
47,Distribution Transformer,0.0850945,Low,Electrical Stress caused by high current flow,Stable condition — continue routine monitoring
8,Distribution Transformer,0.08499271,Low,General Degradation Risk based on combined operating conditions,Stable condition — continue routine monitoring
7,Distribution Transformer,0.084955335,Low,Electrical Stress caused by high current flow,Stable condition — continue routine monitoring
16,Distribution Transformer,0.08463116,Low,General Degradation Risk based on combined operating conditions,Stable condition — continue routine monitoring
37,Distribution Transformer,0.08426354,Low,General Degradation Risk based on combined operating conditions,Stable condition — continue routine monitoring
42,Distribution Transformer,0.084153384,Low,Electrical Stress caused by high current flow,Stable condition — continue routine monitoring
41,Distribution Transformer,0.08318831,Low,Electrical Stress caused by high current flow,Stable condition — continue routine monitoring
10,Distribution Transformer,0.08310341,Low,General Degradation Risk based on combined operating conditions,Stable condition — continue routine monitoring
13,Distribution Transformer,0.083019085,Low,General Degradation Risk based on combined operating conditions,Stable condition — continue routine monitoring
25,Distribution Transformer,0.08281967,Low,General Degradation Risk based on combined operating conditions,Stable condition — continue routine monitoring
26,Distribution Transformer,0.08278511,Low,General Degradation Risk based on combined operating conditions,Stable condition — continue routine monitoring
40,Distribution Transformer,0.08252312,Low,Electrical Stress caused by high current flow,Stable condition — continue routine monitoring
41,Distribution Transformer,0.082509734,Low,Voltage Instability caused by abnormal voltage fluctuation,Stable condition — continue routine monitoring
7,Distribution Transformer,0.08229182,Low,Electrical Stress caused by high current flow,Stable condition — continue routine monitoring
49,Distribution Transformer,0.08226334,Low,General Degradation Risk based on combined operating conditions,Stable condition — continue routine monitoring
23,Distribution Transformer,0.08206183,Low,Electrical Stress caused by high current flow,Stable condition — continue routine monitoring
34,Distribution Transformer,0.08137697,Low,General Degradation Risk based on combined operating conditions,Stable condition — continue routine monitoring
42,Distribution Transformer,0.08126189,Low,General Degradation Risk based on combined operating conditions,Stable condition — continue routine monitoring
45,Distribution Transformer,0.08099126,Low,Electrical Stress caused by high current flow,Stable condition — continue routine monitoring
32,Distribution Transformer,0.08051708,Low,General Degradation Risk based on combined operating conditions,Stable condition — continue routine monitoring
32,Distribution Transformer,0.08034348,Low,Electrical Stress caused by high current flow,Stable condition — continue routine monitoring
6,Distribution Transformer,0.07964973,Low,General Degradation Risk based on combined operating conditions,Stable condition — continue routine monitoring
11,Distribution Transformer,0.07962792,Low,General Degradation Risk based on combined operating conditions,Stable condition — continue routine monitoring
13,Distribution Transformer,0.07947426,Low,Electrical Stress caused by high current flow,Stable condition — continue routine monitoring
28,Distribution Transformer,0.07927824,Low,Electrical Stress caused by high current flow,Stable condition — continue routine monitoring
13,Distribution Transformer,0.079147324,Low,Electrical Stress caused by high current flow,Stable condition — continue routine monitoring
7,Distribution Transformer,0.07914669,Low,General Degradation Risk based on combined operating conditions,Stable condition — continue routine monitoring
34,Distribution Transformer,0.07852539,Low,Sudden Load Variation caused by irregular demand pattern,Stable condition — continue routine monitoring
3,Distribution Transformer,0.078459576,Low,General Degradation Risk based on combined operating conditions,Stable condition — continue routine monitoring
34,Distribution Transformer,0.07828329,Low,General Degradation Risk based on combined operating conditions,Stable condition — continue routine monitoring
27,Distribution Transformer,0.07814533,Low,General Degradation Risk based on combined operating conditions,Stable condition — continue routine monitoring
2,Distribution Transformer,0.07736882,Low,General Degradation Risk based on combined operating conditions,Stable condition — continue routine monitoring
35,Distribution Transformer,0.07709337,Low,Electrical Stress caused by high current flow,Stable condition — continue routine monitoring
7,Distribution Transformer,0.07706289,Low,General Degradation Risk based on combined operating conditions,Stable condition — continue routine monitoring
42,Distribution Transformer,0.076960854,Low,Voltage Instability caused by abnormal voltage fluctuation,Stable condition — continue routine monitoring
37,Distribution Transformer,0.076559335,Low,General Degradation Risk based on combined operating conditions,Stable condition — continue routine monitoring
33,Distribution Transformer,0.076335505,Low,Thermal Overload caused by excessive load and temperature stress,Stable condition — continue routine monitoring
26,Distribution Transformer,0.076268286,Low,Sudden Load Variation caused by irregular demand pattern,Stable condition — continue routine monitoring
10,Distribution Transformer,0.076102465,Low,General Degradation Risk based on combined operating conditions,Stable condition — continue routine monitoring
31,Distribution Transformer,0.0760787,Low,General Degradation Risk based on combined operating conditions,Stable condition — continue routine monitoring
27,Distribution Transformer,0.07604733,Low,General Degradation Risk based on combined operating conditions,Stable condition — continue routine monitoring
25,Distribution Transformer,0.0759156,Low,General Degradation Risk based on combined operating conditions,Stable condition — continue routine monitoring
11,Distribution Transformer,0.075831175,Low,Sudden Load Variation caused by irregular demand pattern,Stable condition — continue routine monitoring
47,Distribution Transformer,0.07576437,Low,Sudden Load Variation caused by irregular demand pattern,Stable condition — continue routine monitoring
40,Distribution Transformer,0.07553004,Low,Electrical Stress caused by high current flow,Stable condition — continue routine monitoring
38,Distribution Transformer,0.07509052,Low,General Degradation Risk based on combined operating conditions,Stable condition — continue routine monitoring
45,Distribution Transformer,0.07467732,Low,Voltage Instability caused by abnormal voltage fluctuation,Stable condition — continue routine monitoring
20,Distribution Transformer,0.0746043,Low,General Degradation Risk based on combined operating conditions,Stable condition — continue routine monitoring
43,Distribution Transformer,0.074189566,Low,General Degradation Risk based on combined operating conditions,Stable condition — continue routine monitoring
37,Distribution Transformer,0.074121244,Low,General Degradation Risk based on combined operating conditions,Stable condition — continue routine monitoring
24,Distribution Transformer,0.074079156,Low,General Degradation Risk based on combined operating conditions,Stable condition — continue routine monitoring
20,Distribution Transformer,0.07406781,Low,Sudden Load Variation caused by irregular demand pattern,Stable condition — continue routine monitoring
45,Distribution Transformer,0.07401949,Low,Thermal Overload caused by excessive load and temperature stress,Stable condition — continue routine monitoring
22,Distribution Transformer,0.073811665,Low,Thermal Overload caused by excessive load and temperature stress,Stable condition — continue routine monitoring
16,Distribution Transformer,0.07367948,Low,General Degradation Risk based on combined operating conditions,Stable condition — continue routine monitoring
37,Distribution Transformer,0.073550396,Low,General Degradation Risk based on combined operating conditions,Stable condition — continue routine monitoring
37,Distribution Transformer,0.073493816,Low,Electrical Stress caused by high current flow,Stable condition — continue routine monitoring
37,Distribution Transformer,0.07283861,Low,General Degradation Risk based on combined operating conditions,Stable condition — continue routine monitoring
14,Distribution Transformer,0.072792225,Low,General Degradation Risk based on combined operating conditions,Stable condition — continue routine monitoring
37,Distribution Transformer,0.072776645,Low,General Degradation Risk based on combined operating conditions,Stable condition — continue routine monitoring
24,Distribution Transformer,0.072660476,Low,General Degradation Risk based on combined operating conditions,Stable condition — continue routine monitoring
36,Distribution Transformer,0.07223169,Low,General Degradation Risk based on combined operating conditions,Stable condition — continue routine monitoring
9,Distribution Transformer,0.07201664,Low,Sudden Load Variation caused by irregular demand pattern,Stable condition — continue routine monitoring
10,Distribution Transformer,0.07200644,Low,Sudden Load Variation caused by irregular demand pattern,Stable condition — continue routine monitoring
17,Distribution Transformer,0.07184249,Low,Electrical Stress caused by high current flow,Stable condition — continue routine monitoring
28,Distribution Transformer,0.07156362,Low,General Degradation Risk based on combined operating conditions,Stable condition — continue routine monitoring
47,Distribution Transformer,0.071394965,Low,General Degradation Risk based on combined operating conditions,Stable condition — continue routine monitoring
5,Distribution Transformer,0.07095663,Low,General Degradation Risk based on combined operating conditions,Stable condition — continue routine monitoring
33,Distribution Transformer,0.07055089,Low,Voltage Instability caused by abnormal voltage fluctuation,Stable condition — continue routine monitoring
23,Distribution Transformer,0.0704802,Low,General Degradation Risk based on combined operating conditions,Stable condition — continue routine monitoring
47,Distribution Transformer,0.07047418,Low,Sudden Load Variation caused by irregular demand pattern,Stable condition — continue routine monitoring
24,Distribution Transformer,0.07047255,Low,Electrical Stress caused by high current flow,Stable condition — continue routine monitoring
47,Distribution Transformer,0.07026732,Low,General Degradation Risk based on combined operating conditions,Stable condition — continue routine monitoring
26,Distribution Transformer,0.07025521,Low,Electrical Stress caused by high current flow,Stable condition — continue routine monitoring
17,Distribution Transformer,0.07017364,Low,Voltage Instability caused by abnormal voltage fluctuation,Stable condition — continue routine monitoring
1,Distribution Transformer,0.070135966,Low,Electrical Stress caused by high current flow,Stable condition — continue routine monitoring
5,Distribution Transformer,0.06999502,Low,Sudden Load Variation caused by irregular demand pattern,Stable condition — continue routine monitoring
48,Distribution Transformer,0.069990434,Low,Voltage Instability caused by abnormal voltage fluctuation,Stable condition — continue routine monitoring
40,Distribution Transformer,0.06998773,Low,General Degradation Risk based on combined operating conditions,Stable condition — continue routine monitoring
24,Distribution Transformer,0.069122866,Low,Sudden Load Variation caused by irregular demand pattern,Stable condition — continue routine monitoring
47,Distribution Transformer,0.06899932,Low,General Degradation Risk based on combined operating conditions,Stable condition — continue routine monitoring
41,Distribution Transformer,0.06866918,Low,General Degradation Risk based on combined operating conditions,Stable condition — continue routine monitoring
19,Distribution Transformer,0.06850731,Low,Electrical Stress caused by high current flow,Stable condition — continue routine monitoring
24,Distribution Transformer,0.06815452,Low,General Degradation Risk based on combined operating conditions,Stable condition — continue routine monitoring
14,Distribution Transformer,0.068042986,Low,General Degradation Risk based on combined operating conditions,Stable condition — continue routine monitoring
21,Distribution Transformer,0.06791188,Low,Electrical Stress caused by high current flow,Stable condition — continue routine monitoring
49,Distribution Transformer,0.06738935,Low,General Degradation Risk based on combined operating conditions,Stable condition — continue routine monitoring
31,Distribution Transformer,0.06725884,Low,Sudden Load Variation caused by irregular demand pattern,Stable condition — continue routine monitoring
39,Distribution Transformer,0.06721627,Low,General Degradation Risk based on combined operating conditions,Stable condition — continue routine monitoring
45,Distribution Transformer,0.067106895,Low,General Degradation Risk based on combined operating conditions,Stable condition — continue routine monitoring
37,Distribution Transformer,0.066986844,Low,General Degradation Risk based on combined operating conditions,Stable condition — continue routine monitoring
27,Distribution Transformer,0.06693333,Low,General Degradation Risk based on combined operating conditions,Stable condition — continue routine monitoring
11,Distribution Transformer,0.0668611,Low,Electrical Stress caused by high current flow,Stable condition — continue routine monitoring
33,Distribution Transformer,0.066472486,Low,General Degradation Risk based on combined operating conditions,Stable condition — continue routine monitoring
2,Distribution Transformer,0.06641235,Low,Sudden Load Variation caused by irregular demand pattern,Stable condition — continue routine monitoring
29,Distribution Transformer,0.06638251,Low,General Degradation Risk based on combined operating conditions,Stable condition — continue routine monitoring
21,Distribution Transformer,0.0663003,Low,General Degradation Risk based on combined operating conditions,Stable condition — continue routine monitoring
30,Distribution Transformer,0.06603309,Low,Electrical Stress caused by high current flow,Stable condition — continue routine monitoring
38,Distribution Transformer,0.06590758,Low,General Degradation Risk based on combined operating conditions,Stable condition — continue routine monitoring
49,Distribution Transformer,0.06577732,Low,Sudden Load Variation caused by irregular demand pattern,Stable condition — continue routine monitoring
7,Distribution Transformer,0.06560234,Low,Electrical Stress caused by high current flow,Stable condition — continue routine monitoring
7,Distribution Transformer,0.065344974,Low,General Degradation Risk based on combined operating conditions,Stable condition — continue routine monitoring
23,Distribution Transformer,0.064976946,Low,Electrical Stress caused by high current flow,Stable condition — continue routine monitoring
7,Distribution Transformer,0.064901195,Low,General Degradation Risk based on combined operating conditions,Stable condition — continue routine monitoring
17,Distribution Transformer,0.06486134,Low,General Degradation Risk based on combined operating conditions,Stable condition — continue routine monitoring
44,Distribution Transformer,0.06467849,Low,Voltage Instability caused by abnormal voltage fluctuation,Stable condition — continue routine monitoring
27,Distribution Transformer,0.06452108,Low,General Degradation Risk based on combined operating conditions,Stable condition — continue routine monitoring
3,Distribution Transformer,0.064443596,Low,General Degradation Risk based on combined operating conditions,Stable condition — continue routine monitoring
14,Distribution Transformer,0.06429746,Low,General Degradation Risk based on combined operating conditions,Stable condition — continue routine monitoring
29,Distribution Transformer,0.06428045,Low,Electrical Stress caused by high current flow,Stable condition — continue routine monitoring
8,Distribution Transformer,0.06428029,Low,General Degradation Risk based on combined operating conditions,Stable condition — continue routine monitoring
28,Distribution Transformer,0.063712634,Low,General Degradation Risk based on combined operating conditions,Stable condition — continue routine monitoring
7,Distribution Transformer,0.06334934,Low,General Degradation Risk based on combined operating conditions,Stable condition — continue routine monitoring
49,Distribution Transformer,0.06334092,Low,General Degradation Risk based on combined operating conditions,Stable condition — continue routine monitoring
19,Distribution Transformer,0.06312968,Low,Electrical Stress caused by high current flow,Stable condition — continue routine monitoring
41,Distribution Transformer,0.06292247,Low,Electrical Stress caused by high current flow,Stable condition — continue routine monitoring
45,Distribution Transformer,0.0626983,Low,Sudden Load Variation caused by irregular demand pattern,Stable condition — continue routine monitoring
6,Distribution Transformer,0.062661014,Low,General Degradation Risk based on combined operating conditions,Stable condition — continue routine monitoring
37,Distribution Transformer,0.06256261,Low,Sudden Load Variation caused by irregular demand pattern,Stable condition — continue routine monitoring
29,Distribution Transformer,0.06256172,Low,Electrical Stress caused by high current flow,Stable condition — continue routine monitoring
2,Distribution Transformer,0.06217283,Low,Electrical Stress caused by high current flow,Stable condition — continue routine monitoring
15,Distribution Transformer,0.06215854,Low,General Degradation Risk based on combined operating conditions,Stable condition — continue routine monitoring
45,Distribution Transformer,0.062140077,Low,General Degradation Risk based on combined operating conditions,Stable condition — continue routine monitoring
7,Distribution Transformer,0.062127646,Low,General Degradation Risk based on combined operating conditions,Stable condition — continue routine monitoring
12,Distribution Transformer,0.06211773,Low,Electrical Stress caused by high current flow,Stable condition — continue routine monitoring
10,Distribution Transformer,0.06189729,Low,Electrical Stress caused by high current flow,Stable condition — continue routine monitoring
38,Distribution Transformer,0.06177021,Low,Voltage Instability caused by abnormal voltage fluctuation,Stable condition — continue routine monitoring
45,Distribution Transformer,0.061602525,Low,Electrical Stress caused by high current flow,Stable condition — continue routine monitoring
39,Distribution Transformer,0.061592177,Low,Electrical Stress caused by high current flow,Stable condition — continue routine monitoring
39,Distribution Transformer,0.061513394,Low,General Degradation Risk based on combined operating conditions,Stable condition — continue routine monitoring
40,Distribution Transformer,0.061251666,Low,General Degradation Risk based on combined operating conditions,Stable condition — continue routine monitoring
3,Distribution Transformer,0.060583033,Low,Electrical Stress caused by high current flow,Stable condition — continue routine monitoring
8,Distribution Transformer,0.06052748,Low,General Degradation Risk based on combined operating conditions,Stable condition — continue routine monitoring
20,Distribution Transformer,0.060492273,Low,General Degradation Risk based on combined operating conditions,Stable condition — continue routine monitoring
47,Distribution Transformer,0.060425743,Low,General Degradation Risk based on combined operating conditions,Stable condition — continue routine monitoring
36,Distribution Transformer,0.060315125,Low,Electrical Stress caused by high current flow,Stable condition — continue routine monitoring
45,Distribution Transformer,0.059749637,Low,General Degradation Risk based on combined operating conditions,Stable condition — continue routine monitoring
3,Distribution Transformer,0.059722412,Low,Electrical Stress caused by high current flow,Stable condition — continue routine monitoring
2,Distribution Transformer,0.05945075,Low,Voltage Instability caused by abnormal voltage fluctuation,Stable condition — continue routine monitoring
29,Distribution Transformer,0.05941335,Low,Electrical Stress caused by high current flow,Stable condition — continue routine monitoring
17,Distribution Transformer,0.05941275,Low,General Degradation Risk based on combined operating conditions,Stable condition — continue routine monitoring
26,Distribution Transformer,0.05936373,Low,Voltage Instability caused by abnormal voltage fluctuation,Stable condition — continue routine monitoring
8,Distribution Transformer,0.05919275,Low,General Degradation Risk based on combined operating conditions,Stable condition — continue routine monitoring
23,Distribution Transformer,0.058940154,Low,Thermal Overload caused by excessive load and temperature stress,Stable condition — continue routine monitoring
29,Distribution Transformer,0.058895748,Low,Electrical Stress caused by high current flow,Stable condition — continue routine monitoring
34,Distribution Transformer,0.058697622,Low,General Degradation Risk based on combined operating conditions,Stable condition — continue routine monitoring
2,Distribution Transformer,0.058426123,Low,General Degradation Risk based on combined operating conditions,Stable condition — continue routine monitoring
30,Distribution Transformer,0.058381286,Low,Electrical Stress caused by high current flow,Stable condition — continue routine monitoring
49,Distribution Transformer,0.058274228,Low,Voltage Instability caused by abnormal voltage fluctuation,Stable condition — continue routine monitoring
48,Distribution Transformer,0.057789847,Low,Sudden Load Variation caused by irregular demand pattern,Stable condition — continue routine monitoring
39,Distribution Transformer,0.05769133,Low,Electrical Stress caused by high current flow,Stable condition — continue routine monitoring
39,Distribution Transformer,0.057445575,Low,General Degradation Risk based on combined operating conditions,Stable condition — continue routine monitoring
33,Distribution Transformer,0.05723509,Low,Sudden Load Variation caused by irregular demand pattern,Stable condition — continue routine monitoring
35,Distribution Transformer,0.057137176,Low,Voltage Instability caused by abnormal voltage fluctuation,Stable condition — continue routine monitoring
13,Distribution Transformer,0.0568928,Low,General Degradation Risk based on combined operating conditions,Stable condition — continue routine monitoring
26,Distribution Transformer,0.05688614,Low,General Degradation Risk based on combined operating conditions,Stable condition — continue routine monitoring
40,Distribution Transformer,0.056766074,Low,General Degradation Risk based on combined operating conditions,Stable condition — continue routine monitoring
1,Distribution Transformer,0.056754984,Low,Electrical Stress caused by high current flow,Stable condition — continue routine monitoring
13,Distribution Transformer,0.056741953,Low,Sudden Load Variation caused by irregular demand pattern,Stable condition — continue routine monitoring
12,Distribution Transformer,0.056573033,Low,Electrical Stress caused by high current flow,Stable condition — continue routine monitoring
20,Distribution Transformer,0.05649855,Low,General Degradation Risk based on combined operating conditions,Stable condition — continue routine monitoring
35,Distribution Transformer,0.05605914,Low,Sudden Load Variation caused by irregular demand pattern,Stable condition — continue routine monitoring
25,Distribution Transformer,0.055926852,Low,Electrical Stress caused by high current flow,Stable condition — continue routine monitoring
29,Distribution Transformer,0.05585625,Low,General Degradation Risk based on combined operating conditions,Stable condition — continue routine monitoring
37,Distribution Transformer,0.055734448,Low,Sudden Load Variation caused by irregular demand pattern,Stable condition — continue routine monitoring
19,Distribution Transformer,0.05571995,Low,General Degradation Risk based on combined operating conditions,Stable condition — continue routine monitoring
26,Distribution Transformer,0.055622995,Low,General Degradation Risk based on combined operating conditions,Stable condition — continue routine monitoring
46,Distribution Transformer,0.055601925,Low,General Degradation Risk based on combined operating conditions,Stable condition — continue routine monitoring
39,Distribution Transformer,0.055014197,Low,Thermal Overload caused by excessive load and temperature stress,Stable condition — continue routine monitoring
35,Distribution Transformer,0.0548912,Low,General Degradation Risk based on combined operating conditions,Stable condition — continue routine monitoring
46,Distribution Transformer,0.054650802,Low,Electrical Stress caused by high current flow,Stable condition — continue routine monitoring
29,Distribution Transformer,0.054590598,Low,General Degradation Risk based on combined operating conditions,Stable condition — continue routine monitoring
14,Distribution Transformer,0.054489076,Low,Electrical Stress caused by high current flow,Stable condition — continue routine monitoring
49,Distribution Transformer,0.054122247,Low,General Degradation Risk based on combined operating conditions,Stable condition — continue routine monitoring
47,Distribution Transformer,0.054063022,Low,Voltage Instability caused by abnormal voltage fluctuation,Stable condition — continue routine monitoring
10,Distribution Transformer,0.05382759,Low,General Degradation Risk based on combined operating conditions,Stable condition — continue routine monitoring
10,Distribution Transformer,0.053752232,Low,General Degradation Risk based on combined operating conditions,Stable condition — continue routine monitoring
47,Distribution Transformer,0.053675096,Low,Thermal Overload caused by excessive load and temperature stress,Stable condition — continue routine monitoring
1,Distribution Transformer,0.05327289,Low,General Degradation Risk based on combined operating conditions,Stable condition — continue routine monitoring
24,Distribution Transformer,0.053166058,Low,General Degradation Risk based on combined operating conditions,Stable condition — continue routine monitoring
30,Distribution Transformer,0.05309491,Low,Voltage Instability caused by abnormal voltage fluctuation,Stable condition — continue routine monitoring
40,Distribution Transformer,0.053013995,Low,Voltage Instability caused by abnormal voltage fluctuation,Stable condition — continue routine monitoring
26,Distribution Transformer,0.052740116,Low,Electrical Stress caused by high current flow,Stable condition — continue routine monitoring
40,Distribution Transformer,0.052596685,Low,Sudden Load Variation caused by irregular demand pattern,Stable condition — continue routine monitoring
5,Distribution Transformer,0.052283995,Low,General Degradation Risk based on combined operating conditions,Stable condition — continue routine monitoring
23,Distribution Transformer,0.05227154,Low,Electrical Stress caused by high current flow,Stable condition — continue routine monitoring
45,Distribution Transformer,0.052268874,Low,Sudden Load Variation caused by irregular demand pattern,Stable condition — continue routine monitoring
19,Distribution Transformer,0.052252114,Low,General Degradation Risk based on combined operating conditions,Stable condition — continue routine monitoring
12,Distribution Transformer,0.052193407,Low,General Degradation Risk based on combined operating conditions,Stable condition — continue routine monitoring
2,Distribution Transformer,0.05195828,Low,General Degradation Risk based on combined operating conditions,Stable condition — continue routine monitoring
11,Distribution Transformer,0.05191182,Low,General Degradation Risk based on combined operating conditions,Stable condition — continue routine monitoring
34,Distribution Transformer,0.05186931,Low,Electrical Stress caused by high current flow,Stable condition — continue routine monitoring
49,Distribution Transformer,0.051835235,Low,Voltage Instability caused by abnormal voltage fluctuation,Stable condition — continue routine monitoring
21,Distribution Transformer,0.05176474,Low,General Degradation Risk based on combined operating conditions,Stable condition — continue routine monitoring
34,Distribution Transformer,0.051715013,Low,Electrical Stress caused by high current flow,Stable condition — continue routine monitoring
24,Distribution Transformer,0.05168466,Low,Electrical Stress caused by high current flow,Stable condition — continue routine monitoring
16,Distribution Transformer,0.05129121,Low,General Degradation Risk based on combined operating conditions,Stable condition — continue routine monitoring
33,Distribution Transformer,0.051125515,Low,Voltage Instability caused by abnormal voltage fluctuation,Stable condition — continue routine monitoring
44,Distribution Transformer,0.051123455,Low,General Degradation Risk based on combined operating conditions,Stable condition — continue routine monitoring
44,Distribution Transformer,0.05101173,Low,General Degradation Risk based on combined operating conditions,Stable condition — continue routine monitoring
14,Distribution Transformer,0.050977834,Low,General Degradation Risk based on combined operating conditions,Stable condition — continue routine monitoring
11,Distribution Transformer,0.050900225,Low,Thermal Overload caused by excessive load and temperature stress,Stable condition — continue routine monitoring
14,Distribution Transformer,0.050747715,Low,General Degradation Risk based on combined operating conditions,Stable condition — continue routine monitoring
24,Distribution Transformer,0.050413407,Low,Electrical Stress caused by high current flow,Stable condition — continue routine monitoring
14,Distribution Transformer,0.050376866,Low,General Degradation Risk based on combined operating conditions,Stable condition — continue routine monitoring
32,Distribution Transformer,0.05027834,Low,General Degradation Risk based on combined operating conditions,Stable condition — continue routine monitoring
47,Distribution Transformer,0.050106633,Low,Voltage Instability caused by abnormal voltage fluctuation,Stable condition — continue routine monitoring
21,Distribution Transformer,0.05005092,Low,General Degradation Risk based on combined operating conditions,Stable condition — continue routine monitoring
49,Distribution Transformer,0.049931284,Low,General Degradation Risk based on combined operating conditions,Stable condition — continue routine monitoring
8,Distribution Transformer,0.049912535,Low,General Degradation Risk based on combined operating conditions,Stable condition — continue routine monitoring
3,Distribution Transformer,0.049880866,Low,General Degradation Risk based on combined operating conditions,Stable condition — continue routine monitoring
40,Distribution Transformer,0.049823046,Low,General Degradation Risk based on combined operating conditions,Stable condition — continue routine monitoring
22,Distribution Transformer,0.049795758,Low,Sudden Load Variation caused by irregular demand pattern,Stable condition — continue routine monitoring
14,Distribution Transformer,0.049773008,Low,Electrical Stress caused by high current flow,Stable condition — continue routine monitoring
27,Distribution Transformer,0.04975738,Low,General Degradation Risk based on combined operating conditions,Stable condition — continue routine monitoring
9,Distribution Transformer,0.049477752,Low,General Degradation Risk based on combined operating conditions,Stable condition — continue routine monitoring
47,Distribution Transformer,0.049432542,Low,Sudden Load Variation caused by irregular demand pattern,Stable condition — continue routine monitoring
35,Distribution Transformer,0.049430154,Low,Electrical Stress caused by high current flow,Stable condition — continue routine monitoring
26,Distribution Transformer,0.049389392,Low,General Degradation Risk based on combined operating conditions,Stable condition — continue routine monitoring
13,Distribution Transformer,0.049286958,Low,Electrical Stress caused by high current flow,Stable condition — continue routine monitoring
49,Distribution Transformer,0.04924392,Low,General Degradation Risk based on combined operating conditions,Stable condition — continue routine monitoring
47,Distribution Transformer,0.049243484,Low,Electrical Stress caused by high current flow,Stable condition — continue routine monitoring
36,Distribution Transformer,0.04895619,Low,General Degradation Risk based on combined operating conditions,Stable condition — continue routine monitoring
17,Distribution Transformer,0.048893325,Low,General Degradation Risk based on combined operating conditions,Stable condition — continue routine monitoring
25,Distribution Transformer,0.0487885,Low,General Degradation Risk based on combined operating conditions,Stable condition — continue routine monitoring
33,Distribution Transformer,0.048744682,Low,Electrical Stress caused by high current flow,Stable condition — continue routine monitoring
17,Distribution Transformer,0.04834546,Low,General Degradation Risk based on combined operating conditions,Stable condition — continue routine monitoring
2,Distribution Transformer,0.048223857,Low,Electrical Stress caused by high current flow,Stable condition — continue routine monitoring
30,Distribution Transformer,0.048195515,Low,General Degradation Risk based on combined operating conditions,Stable condition — continue routine monitoring
12,Distribution Transformer,0.04806951,Low,Electrical Stress caused by high current flow,Stable condition — continue routine monitoring
18,Distribution Transformer,0.04785584,Low,Electrical Stress caused by high current flow,Stable condition — continue routine monitoring
8,Distribution Transformer,0.04767849,Low,General Degradation Risk based on combined operating conditions,Stable condition — continue routine monitoring
22,Distribution Transformer,0.047481373,Low,Sudden Load Variation caused by irregular demand pattern,Stable condition — continue routine monitoring
25,Distribution Transformer,0.04711266,Low,Voltage Instability caused by abnormal voltage fluctuation,Stable condition — continue routine monitoring
38,Distribution Transformer,0.046554618,Low,Sudden Load Variation caused by irregular demand pattern,Stable condition — continue routine monitoring
17,Distribution Transformer,0.04654588,Low,General Degradation Risk based on combined operating conditions,Stable condition — continue routine monitoring
4,Distribution Transformer,0.04636874,Low,Electrical Stress caused by high current flow,Stable condition — continue routine monitoring
44,Distribution Transformer,0.046331663,Low,Thermal Overload caused by excessive load and temperature stress,Stable condition — continue routine monitoring
1,Distribution Transformer,0.04611095,Low,General Degradation Risk based on combined operating conditions,Stable condition — continue routine monitoring
33,Distribution Transformer,0.046034593,Low,General Degradation Risk based on combined operating conditions,Stable condition — continue routine monitoring
31,Distribution Transformer,0.04582243,Low,General Degradation Risk based on combined operating conditions,Stable condition — continue routine monitoring
3,Distribution Transformer,0.045746185,Low,Electrical Stress caused by high current flow,Stable condition — continue routine monitoring
40,Distribution Transformer,0.04555783,Low,General Degradation Risk based on combined operating conditions,Stable condition — continue routine monitoring
17,Distribution Transformer,0.04551549,Low,Voltage Instability caused by abnormal voltage fluctuation,Stable condition — continue routine monitoring
10,Distribution Transformer,0.045110755,Low,Electrical Stress caused by high current flow,Stable condition — continue routine monitoring
39,Distribution Transformer,0.045069125,Low,Electrical Stress caused by high current flow,Stable condition — continue routine monitoring
26,Distribution Transformer,0.045009054,Low,General Degradation Risk based on combined operating conditions,Stable condition — continue routine monitoring
42,Distribution Transformer,0.044946145,Low,General Degradation Risk based on combined operating conditions,Stable condition — continue routine monitoring
26,Distribution Transformer,0.044903945,Low,General Degradation Risk based on combined operating conditions,Stable condition — continue routine monitoring
45,Distribution Transformer,0.044709485,Low,Electrical Stress caused by high current flow,Stable condition — continue routine monitoring
42,Distribution Transformer,0.044621546,Low,General Degradation Risk based on combined operating conditions,Stable condition — continue routine monitoring
28,Distribution Transformer,0.0446162,Low,Sudden Load Variation caused by irregular demand pattern,Stable condition — continue routine monitoring
47,Distribution Transformer,0.044338852,Low,General Degradation Risk based on combined operating conditions,Stable condition — continue routine monitoring
11,Distribution Transformer,0.044176757,Low,Sudden Load Variation caused by irregular demand pattern,Stable condition — continue routine monitoring
35,Distribution Transformer,0.043650463,Low,General Degradation Risk based on combined operating conditions,Stable condition — continue routine monitoring
42,Distribution Transformer,0.043322675,Low,General Degradation Risk based on combined operating conditions,Stable condition — continue routine monitoring
29,Distribution Transformer,0.043057248,Low,General Degradation Risk based on combined operating conditions,Stable condition — continue routine monitoring
23,Distribution Transformer,0.04299862,Low,Electrical Stress caused by high current flow,Stable condition — continue routine monitoring
43,Distribution Transformer,0.042721078,Low,General Degradation Risk based on combined operating conditions,Stable condition — continue routine monitoring
19,Distribution Transformer,0.04261498,Low,Electrical Stress caused by high current flow,Stable condition — continue routine monitoring
26,Distribution Transformer,0.04254916,Low,Voltage Instability caused by abnormal voltage fluctuation,Stable condition — continue routine monitoring
45,Distribution Transformer,0.042444993,Low,General Degradation Risk based on combined operating conditions,Stable condition — continue routine monitoring
9,Distribution Transformer,0.04244288,Low,Voltage Instability caused by abnormal voltage fluctuation,Stable condition — continue routine monitoring
33,Distribution Transformer,0.042242333,Low,Electrical Stress caused by high current flow,Stable condition — continue routine monitoring
32,Distribution Transformer,0.042128425,Low,General Degradation Risk based on combined operating conditions,Stable condition — continue routine monitoring
43,Distribution Transformer,0.042002782,Low,Electrical Stress caused by high current flow,Stable condition — continue routine monitoring
24,Distribution Transformer,0.041979887,Low,General Degradation Risk based on combined operating conditions,Stable condition — continue routine monitoring
8,Distribution Transformer,0.041867018,Low,Electrical Stress caused by high current flow,Stable condition — continue routine monitoring
33,Distribution Transformer,0.041759234,Low,General Degradation Risk based on combined operating conditions,Stable condition — continue routine monitoring
38,Distribution Transformer,0.041451737,Low,General Degradation Risk based on combined operating conditions,Stable condition — continue routine monitoring
16,Distribution Transformer,0.041449625,Low,General Degradation Risk based on combined operating conditions,Stable condition — continue routine monitoring
12,Distribution Transformer,0.041051272,Low,General Degradation Risk based on combined operating conditions,Stable condition — continue routine monitoring
33,Distribution Transformer,0.040822323,Low,Thermal Overload caused by excessive load and temperature stress,Stable condition — continue routine monitoring
24,Distribution Transformer,0.04077788,Low,Electrical Stress caused by high current flow,Stable condition — continue routine monitoring
10,Distribution Transformer,0.040650792,Low,Voltage Instability caused by abnormal voltage fluctuation,Stable condition — continue routine monitoring
23,Distribution Transformer,0.040600877,Low,General Degradation Risk based on combined operating conditions,Stable condition — continue routine monitoring
45,Distribution Transformer,0.04055671,Low,Voltage Instability caused by abnormal voltage fluctuation,Stable condition — continue routine monitoring
40,Distribution Transformer,0.040246774,Low,General Degradation Risk based on combined operating conditions,Stable condition — continue routine monitoring
33,Distribution Transformer,0.04014775,Low,General Degradation Risk based on combined operating conditions,Stable condition — continue routine monitoring
42,Distribution Transformer,0.039952885,Low,Sudden Load Variation caused by irregular demand pattern,Stable condition — continue routine monitoring
21,Distribution Transformer,0.039894663,Low,Sudden Load Variation caused by irregular demand pattern,Stable condition — continue routine monitoring
46,Distribution Transformer,0.039890327,Low,Electrical Stress caused by high current flow,Stable condition — continue routine monitoring
3,Distribution Transformer,0.03964987,Low,Thermal Overload caused by excessive load and temperature stress,Stable condition — continue routine monitoring
45,Distribution Transformer,0.039577533,Low,Electrical Stress caused by high current flow,Stable condition — continue routine monitoring
31,Distribution Transformer,0.039556455,Low,General Degradation Risk based on combined operating conditions,Stable condition — continue routine monitoring
23,Distribution Transformer,0.03911919,Low,Electrical Stress caused by high current flow,Stable condition — continue routine monitoring
36,Distribution Transformer,0.03894696,Low,General Degradation Risk based on combined operating conditions,Stable condition — continue routine monitoring
34,Distribution Transformer,0.03885967,Low,Electrical Stress caused by high current flow,Stable condition — continue routine monitoring
6,Distribution Transformer,0.038850054,Low,Sudden Load Variation caused by irregular demand pattern,Stable condition — continue routine monitoring
30,Distribution Transformer,0.038843323,Low,General Degradation Risk based on combined operating conditions,Stable condition — continue routine monitoring
25,Distribution Transformer,0.038377672,Low,Sudden Load Variation caused by irregular demand pattern,Stable condition — continue routine monitoring
28,Distribution Transformer,0.03799685,Low,General Degradation Risk based on combined operating conditions,Stable condition — continue routine monitoring
33,Distribution Transformer,0.03787961,Low,General Degradation Risk based on combined operating conditions,Stable condition — continue routine monitoring
3,Distribution Transformer,0.037687805,Low,Sudden Load Variation caused by irregular demand pattern,Stable condition — continue routine monitoring
22,Distribution Transformer,0.037578963,Low,Electrical Stress caused by high current flow,Stable condition — continue routine monitoring
35,Distribution Transformer,0.03741803,Low,General Degradation Risk based on combined operating conditions,Stable condition — continue routine monitoring
24,Distribution Transformer,0.037400387,Low,General Degradation Risk based on combined operating conditions,Stable condition — continue routine monitoring
12,Distribution Transformer,0.037262574,Low,General Degradation Risk based on combined operating conditions,Stable condition — continue routine monitoring
45,Distribution Transformer,0.037079155,Low,General Degradation Risk based on combined operating conditions,Stable condition — continue routine monitoring
46,Distribution Transformer,0.036973234,Low,Electrical Stress caused by high current flow,Stable condition — continue routine monitoring
24,Distribution Transformer,0.036941506,Low,Electrical Stress caused by high current flow,Stable condition — continue routine monitoring
16,Distribution Transformer,0.036859535,Low,General Degradation Risk based on combined operating conditions,Stable condition — continue routine monitoring
43,Distribution Transformer,0.036815852,Low,General Degradation Risk based on combined operating conditions,Stable condition — continue routine monitoring
29,Distribution Transformer,0.036689937,Low,Voltage Instability caused by abnormal voltage fluctuation,Stable condition — continue routine monitoring
18,Distribution Transformer,0.03666574,Low,Electrical Stress caused by high current flow,Stable condition — continue routine monitoring
1,Distribution Transformer,0.036607817,Low,General Degradation Risk based on combined operating conditions,Stable condition — continue routine monitoring
22,Distribution Transformer,0.036580548,Low,General Degradation Risk based on combined operating conditions,Stable condition — continue routine monitoring
35,Distribution Transformer,0.036557138,Low,Electrical Stress caused by high current flow,Stable condition — continue routine monitoring
19,Distribution Transformer,0.03654864,Low,Thermal Overload caused by excessive load and temperature stress,Stable condition — continue routine monitoring
19,Distribution Transformer,0.036377493,Low,General Degradation Risk based on combined operating conditions,Stable condition — continue routine monitoring
19,Distribution Transformer,0.036346324,Low,Sudden Load Variation caused by irregular demand pattern,Stable condition — continue routine monitoring
2,Distribution Transformer,0.036288414,Low,General Degradation Risk based on combined operating conditions,Stable condition — continue routine monitoring
47,Distribution Transformer,0.036258444,Low,Thermal Overload caused by excessive load and temperature stress,Stable condition — continue routine monitoring
19,Distribution Transformer,0.036254086,Low,Sudden Load Variation caused by irregular demand pattern,Stable condition — continue routine monitoring
23,Distribution Transformer,0.036249083,Low,Electrical Stress caused by high current flow,Stable condition — continue routine monitoring
2,Distribution Transformer,0.036192477,Low,Voltage Instability caused by abnormal voltage fluctuation,Stable condition — continue routine monitoring
23,Distribution Transformer,0.03616087,Low,Voltage Instability caused by abnormal voltage fluctuation,Stable condition — continue routine monitoring
26,Distribution Transformer,0.03601588,Low,Sudden Load Variation caused by irregular demand pattern,Stable condition — continue routine monitoring
24,Distribution Transformer,0.035858557,Low,Voltage Instability caused by abnormal voltage fluctuation,Stable condition — continue routine monitoring
33,Distribution Transformer,0.03579041,Low,Voltage Instability caused by abnormal voltage fluctuation,Stable condition — continue routine monitoring
12,Distribution Transformer,0.035728097,Low,General Degradation Risk based on combined operating conditions,Stable condition — continue routine monitoring
48,Distribution Transformer,0.035718523,Low,Electrical Stress caused by high current flow,Stable condition — continue routine monitoring
41,Distribution Transformer,0.035627473,Low,Sudden Load Variation caused by irregular demand pattern,Stable condition — continue routine monitoring
22,Distribution Transformer,0.03559094,Low,Electrical Stress caused by high current flow,Stable condition — continue routine monitoring
44,Distribution Transformer,0.03552871,Low,Sudden Load Variation caused by irregular demand pattern,Stable condition — continue routine monitoring
24,Distribution Transformer,0.035444736,Low,Electrical Stress caused by high current flow,Stable condition — continue routine monitoring
6,Distribution Transformer,0.035429645,Low,General Degradation Risk based on combined operating conditions,Stable condition — continue routine monitoring
13,Distribution Transformer,0.035406683,Low,Electrical Stress caused by high current flow,Stable condition — continue routine monitoring
30,Distribution Transformer,0.035372775,Low,General Degradation Risk based on combined operating conditions,Stable condition — continue routine monitoring
5,Distribution Transformer,0.035173282,Low,General Degradation Risk based on combined operating conditions,Stable condition — continue routine monitoring
13,Distribution Transformer,0.034979142,Low,Voltage Instability caused by abnormal voltage fluctuation,Stable condition — continue routine monitoring
47,Distribution Transformer,0.034864455,Low,Electrical Stress caused by high current flow,Stable condition — continue routine monitoring
47,Distribution Transformer,0.034828946,Low,Electrical Stress caused by high current flow,Stable condition — continue routine monitoring
12,Distribution Transformer,0.034772944,Low,Electrical Stress caused by high current flow,Stable condition — continue routine monitoring
45,Distribution Transformer,0.03476863,Low,General Degradation Risk based on combined operating conditions,Stable condition — continue routine monitoring
46,Distribution Transformer,0.03468973,Low,Electrical Stress caused by high current flow,Stable condition — continue routine monitoring
33,Distribution Transformer,0.03434994,Low,General Degradation Risk based on combined operating conditions,Stable condition — continue routine monitoring
25,Distribution Transformer,0.034340262,Low,Sudden Load Variation caused by irregular demand pattern,Stable condition — continue routine monitoring
47,Distribution Transformer,0.034283217,Low,Electrical Stress caused by high current flow,Stable condition — continue routine monitoring
18,Distribution Transformer,0.034237526,Low,Thermal Overload caused by excessive load and temperature stress,Stable condition — continue routine monitoring
38,Distribution Transformer,0.034194276,Low,Electrical Stress caused by high current flow,Stable condition — continue routine monitoring
15,Distribution Transformer,0.034146488,Low,General Degradation Risk based on combined operating conditions,Stable condition — continue routine monitoring
1,Distribution Transformer,0.034145586,Low,Sudden Load Variation caused by irregular demand pattern,Stable condition — continue routine monitoring
13,Distribution Transformer,0.03406131,Low,General Degradation Risk based on combined operating conditions,Stable condition — continue routine monitoring
34,Distribution Transformer,0.03386712,Low,General Degradation Risk based on combined operating conditions,Stable condition — continue routine monitoring
18,Distribution Transformer,0.03383473,Low,General Degradation Risk based on combined operating conditions,Stable condition — continue routine monitoring
45,Distribution Transformer,0.033822242,Low,Electrical Stress caused by high current flow,Stable condition — continue routine monitoring
18,Distribution Transformer,0.033805896,Low,Voltage Instability caused by abnormal voltage fluctuation,Stable condition — continue routine monitoring
15,Distribution Transformer,0.033768814,Low,Voltage Instability caused by abnormal voltage fluctuation,Stable condition — continue routine monitoring
37,Distribution Transformer,0.033722248,Low,General Degradation Risk based on combined operating conditions,Stable condition — continue routine monitoring
44,Distribution Transformer,0.033617124,Low,General Degradation Risk based on combined operating conditions,Stable condition — continue routine monitoring
33,Distribution Transformer,0.033608448,Low,Voltage Instability caused by abnormal voltage fluctuation,Stable condition — continue routine monitoring
37,Distribution Transformer,0.033544354,Low,General Degradation Risk based on combined operating conditions,Stable condition — continue routine monitoring
2,Distribution Transformer,0.03347802,Low,Electrical Stress caused by high current flow,Stable condition — continue routine monitoring
27,Distribution Transformer,0.033446807,Low,General Degradation Risk based on combined operating conditions,Stable condition — continue routine monitoring
4,Distribution Transformer,0.033437744,Low,General Degradation Risk based on combined operating conditions,Stable condition — continue routine monitoring
35,Distribution Transformer,0.033376712,Low,Electrical Stress caused by high current flow,Stable condition — continue routine monitoring
8,Distribution Transformer,0.033285607,Low,General Degradation Risk based on combined operating conditions,Stable condition — continue routine monitoring
12,Distribution Transformer,0.03328005,Low,Electrical Stress caused by high current flow,Stable condition — continue routine monitoring
35,Distribution Transformer,0.032983035,Low,Electrical Stress caused by high current flow,Stable condition — continue routine monitoring
5,Distribution Transformer,0.032605324,Low,General Degradation Risk based on combined operating conditions,Stable condition — continue routine monitoring
9,Distribution Transformer,0.032555614,Low,Voltage Instability caused by abnormal voltage fluctuation,Stable condition — continue routine monitoring
31,Distribution Transformer,0.032531314,Low,General Degradation Risk based on combined operating conditions,Stable condition — continue routine monitoring
37,Distribution Transformer,0.03244726,Low,Thermal Overload caused by excessive load and temperature stress,Stable condition — continue routine monitoring
22,Distribution Transformer,0.032253515,Low,General Degradation Risk based on combined operating conditions,Stable condition — continue routine monitoring
4,Distribution Transformer,0.032215755,Low,General Degradation Risk based on combined operating conditions,Stable condition — continue routine monitoring
32,Distribution Transformer,0.032153923,Low,Electrical Stress caused by high current flow,Stable condition — continue routine monitoring
34,Distribution Transformer,0.032012362,Low,General Degradation Risk based on combined operating conditions,Stable condition — continue routine monitoring
19,Distribution Transformer,0.031959437,Low,General Degradation Risk based on combined operating conditions,Stable condition — continue routine monitoring
12,Distribution Transformer,0.031941533,Low,General Degradation Risk based on combined operating conditions,Stable condition — continue routine monitoring
29,Distribution Transformer,0.03186256,Low,Sudden Load Variation caused by irregular demand pattern,Stable condition — continue routine monitoring
30,Distribution Transformer,0.031853333,Low,General Degradation Risk based on combined operating conditions,Stable condition — continue routine monitoring
49,Distribution Transformer,0.03182764,Low,Sudden Load Variation caused by irregular demand pattern,Stable condition — continue routine monitoring
36,Distribution Transformer,0.03169338,Low,Electrical Stress caused by high current flow,Stable condition — continue routine monitoring
7,Distribution Transformer,0.031571914,Low,General Degradation Risk based on combined operating conditions,Stable condition — continue routine monitoring
37,Distribution Transformer,0.03154351,Low,Electrical Stress caused by high current flow,Stable condition — continue routine monitoring
33,Distribution Transformer,0.031346828,Low,General Degradation Risk based on combined operating conditions,Stable condition — continue routine monitoring
42,Distribution Transformer,0.031296294,Low,Voltage Instability caused by abnormal voltage fluctuation,Stable condition — continue routine monitoring
46,Distribution Transformer,0.03120354,Low,General Degradation Risk based on combined operating conditions,Stable condition — continue routine monitoring
28,Distribution Transformer,0.03105293,Low,Sudden Load Variation caused by irregular demand pattern,Stable condition — continue routine monitoring
10,Distribution Transformer,0.031018069,Low,General Degradation Risk based on combined operating conditions,Stable condition — continue routine monitoring
36,Distribution Transformer,0.030943722,Low,Voltage Instability caused by abnormal voltage fluctuation,Stable condition — continue routine monitoring
15,Distribution Transformer,0.030937336,Low,General Degradation Risk based on combined operating conditions,Stable condition — continue routine monitoring
33,Distribution Transformer,0.030887136,Low,General Degradation Risk based on combined operating conditions,Stable condition — continue routine monitoring
32,Distribution Transformer,0.030500479,Low,General Degradation Risk based on combined operating conditions,Stable condition — continue routine monitoring
31,Distribution Transformer,0.030468326,Low,General Degradation Risk based on combined operating conditions,Stable condition — continue routine monitoring
32,Distribution Transformer,0.030383805,Low,Sudden Load Variation caused by irregular demand pattern,Stable condition — continue routine monitoring
36,Distribution Transformer,0.030192692,Low,General Degradation Risk based on combined operating conditions,Stable condition — continue routine monitoring
5,Distribution Transformer,0.030120537,Low,General Degradation Risk based on combined operating conditions,Stable condition — continue routine monitoring
10,Distribution Transformer,0.030072294,Low,General Degradation Risk based on combined operating conditions,Stable condition — continue routine monitoring
9,Distribution Transformer,0.030029653,Low,General Degradation Risk based on combined operating conditions,Stable condition — continue routine monitoring
26,Distribution Transformer,0.029979283,Low,Electrical Stress caused by high current flow,Stable condition — continue routine monitoring
13,Distribution Transformer,0.02995988,Low,General Degradation Risk based on combined operating conditions,Stable condition — continue routine monitoring
34,Distribution Transformer,0.029927317,Low,General Degradation Risk based on combined operating conditions,Stable condition — continue routine monitoring
12,Distribution Transformer,0.029604089,Low,General Degradation Risk based on combined operating conditions,Stable condition — continue routine monitoring
45,Distribution Transformer,0.029446848,Low,General Degradation Risk based on combined operating conditions,Stable condition — continue routine monitoring
47,Distribution Transformer,0.029406374,Low,Electrical Stress caused by high current flow,Stable condition — continue routine monitoring
20,Distribution Transformer,0.029315561,Low,Sudden Load Variation caused by irregular demand pattern,Stable condition — continue routine monitoring
27,Distribution Transformer,0.029280044,Low,Voltage Instability caused by abnormal voltage fluctuation,Stable condition — continue routine monitoring
20,Distribution Transformer,0.029252775,Low,General Degradation Risk based on combined operating conditions,Stable condition — continue routine monitoring
36,Distribution Transformer,0.02922148,Low,General Degradation Risk based on combined operating conditions,Stable condition — continue routine monitoring
48,Distribution Transformer,0.029219585,Low,Sudden Load Variation caused by irregular demand pattern,Stable condition — continue routine monitoring
26,Distribution Transformer,0.029184777,Low,General Degradation Risk based on combined operating conditions,Stable condition — continue routine monitoring
29,Distribution Transformer,0.029183142,Low,Sudden Load Variation caused by irregular demand pattern,Stable condition — continue routine monitoring
34,Distribution Transformer,0.029085735,Low,Electrical Stress caused by high current flow,Stable condition — continue routine monitoring
38,Distribution Transformer,0.029068464,Low,General Degradation Risk based on combined operating conditions,Stable condition — continue routine monitoring
20,Distribution Transformer,0.028963836,Low,Electrical Stress caused by high current flow,Stable condition — continue routine monitoring
22,Distribution Transformer,0.028872672,Low,General Degradation Risk based on combined operating conditions,Stable condition — continue routine monitoring
11,Distribution Transformer,0.028839365,Low,General Degradation Risk based on combined operating conditions,Stable condition — continue routine monitoring
36,Distribution Transformer,0.028818434,Low,Electrical Stress caused by high current flow,Stable condition — continue routine monitoring
30,Distribution Transformer,0.028593406,Low,General Degradation Risk based on combined operating conditions,Stable condition — continue routine monitoring
7,Distribution Transformer,0.028542029,Low,General Degradation Risk based on combined operating conditions,Stable condition — continue routine monitoring
41,Distribution Transformer,0.028351566,Low,General Degradation Risk based on combined operating conditions,Stable condition — continue routine monitoring
43,Distribution Transformer,0.028347986,Low,Thermal Overload caused by excessive load and temperature stress,Stable condition — continue routine monitoring
25,Distribution Transformer,0.028319413,Low,Electrical Stress caused by high current flow,Stable condition — continue routine monitoring
45,Distribution Transformer,0.028166205,Low,Sudden Load Variation caused by irregular demand pattern,Stable condition — continue routine monitoring
5,Distribution Transformer,0.028128035,Low,Sudden Load Variation caused by irregular demand pattern,Stable condition — continue routine monitoring
35,Distribution Transformer,0.02797012,Low,General Degradation Risk based on combined operating conditions,Stable condition — continue routine monitoring
48,Distribution Transformer,0.027942773,Low,Electrical Stress caused by high current flow,Stable condition — continue routine monitoring
34,Distribution Transformer,0.02792262,Low,Sudden Load Variation caused by irregular demand pattern,Stable condition — continue routine monitoring
25,Distribution Transformer,0.027910898,Low,Voltage Instability caused by abnormal voltage fluctuation,Stable condition — continue routine monitoring
27,Distribution Transformer,0.027884059,Low,Electrical Stress caused by high current flow,Stable condition — continue routine monitoring
33,Distribution Transformer,0.027742043,Low,General Degradation Risk based on combined operating conditions,Stable condition — continue routine monitoring
37,Distribution Transformer,0.027614005,Low,General Degradation Risk based on combined operating conditions,Stable condition — continue routine monitoring
8,Distribution Transformer,0.027493605,Low,Sudden Load Variation caused by irregular demand pattern,Stable condition — continue routine monitoring
29,Distribution Transformer,0.027397484,Low,General Degradation Risk based on combined operating conditions,Stable condition — continue routine monitoring
2,Distribution Transformer,0.027340451,Low,Voltage Instability caused by abnormal voltage fluctuation,Stable condition — continue routine monitoring
19,Distribution Transformer,0.027280675,Low,Electrical Stress caused by high current flow,Stable condition — continue routine monitoring
6,Distribution Transformer,0.027213573,Low,General Degradation Risk based on combined operating conditions,Stable condition — continue routine monitoring
46,Distribution Transformer,0.02717672,Low,Electrical Stress caused by high current flow,Stable condition — continue routine monitoring
47,Distribution Transformer,0.02714996,Low,Electrical Stress caused by high current flow,Stable condition — continue routine monitoring
17,Distribution Transformer,0.027014146,Low,Sudden Load Variation caused by irregular demand pattern,Stable condition — continue routine monitoring
25,Distribution Transformer,0.026905948,Low,General Degradation Risk based on combined operating conditions,Stable condition — continue routine monitoring
9,Distribution Transformer,0.026890418,Low,Electrical Stress caused by high current flow,Stable condition — continue routine monitoring
18,Distribution Transformer,0.026778841,Low,General Degradation Risk based on combined operating conditions,Stable condition — continue routine monitoring
4,Distribution Transformer,0.026754374,Low,Voltage Instability caused by abnormal voltage fluctuation,Stable condition — continue routine monitoring
30,Distribution Transformer,0.026590582,Low,General Degradation Risk based on combined operating conditions,Stable condition — continue routine monitoring
45,Distribution Transformer,0.026585149,Low,Electrical Stress caused by high current flow,Stable condition — continue routine monitoring
39,Distribution Transformer,0.02651343,Low,Thermal Overload caused by excessive load and temperature stress,Stable condition — continue routine monitoring
39,Distribution Transformer,0.026315425,Low,General Degradation Risk based on combined operating conditions,Stable condition — continue routine monitoring
21,Distribution Transformer,0.02629597,Low,General Degradation Risk based on combined operating conditions,Stable condition — continue routine monitoring
38,Distribution Transformer,0.026268324,Low,General Degradation Risk based on combined operating conditions,Stable condition — continue routine monitoring
3,Distribution Transformer,0.02624259,Low,Voltage Instability caused by abnormal voltage fluctuation,Stable condition — continue routine monitoring
9,Distribution Transformer,0.02621677,Low,General Degradation Risk based on combined operating conditions,Stable condition — continue routine monitoring
14,Distribution Transformer,0.026215715,Low,General Degradation Risk based on combined operating conditions,Stable condition — continue routine monitoring
33,Distribution Transformer,0.02618643,Low,Voltage Instability caused by abnormal voltage fluctuation,Stable condition — continue routine monitoring
13,Distribution Transformer,0.026106782,Low,General Degradation Risk based on combined operating conditions,Stable condition — continue routine monitoring
12,Distribution Transformer,0.026045125,Low,General Degradation Risk based on combined operating conditions,Stable condition — continue routine monitoring
38,Distribution Transformer,0.026018068,Low,General Degradation Risk based on combined operating conditions,Stable condition — continue routine monitoring
5,Distribution Transformer,0.025937766,Low,Voltage Instability caused by abnormal voltage fluctuation,Stable condition — continue routine monitoring
16,Distribution Transformer,0.025703471,Low,General Degradation Risk based on combined operating conditions,Stable condition — continue routine monitoring
5,Distribution Transformer,0.025695454,Low,General Degradation Risk based on combined operating conditions,Stable condition — continue routine monitoring
23,Distribution Transformer,0.025645316,Low,Thermal Overload caused by excessive load and temperature stress,Stable condition — continue routine monitoring
20,Distribution Transformer,0.025596809,Low,General Degradation Risk based on combined operating conditions,Stable condition — continue routine monitoring
12,Distribution Transformer,0.025524508,Low,General Degradation Risk based on combined operating conditions,Stable condition — continue routine monitoring
38,Distribution Transformer,0.025455678,Low,General Degradation Risk based on combined operating conditions,Stable condition — continue routine monitoring
36,Distribution Transformer,0.025400545,Low,Electrical Stress caused by high current flow,Stable condition — continue routine monitoring
23,Distribution Transformer,0.025357066,Low,Electrical Stress caused by high current flow,Stable condition — continue routine monitoring
14,Distribution Transformer,0.025242131,Low,Electrical Stress caused by high current flow,Stable condition — continue routine monitoring
15,Distribution Transformer,0.025116017,Low,Electrical Stress caused by high current flow,Stable condition — continue routine monitoring
11,Distribution Transformer,0.02506121,Low,General Degradation Risk based on combined operating conditions,Stable condition — continue routine monitoring
14,Distribution Transformer,0.02499372,Low,Electrical Stress caused by high current flow,Stable condition — continue routine monitoring
25,Distribution Transformer,0.02471539,Low,General Degradation Risk based on combined operating conditions,Stable condition — continue routine monitoring
4,Distribution Transformer,0.024652561,Low,Electrical Stress caused by high current flow,Stable condition — continue routine monitoring
49,Distribution Transformer,0.024573168,Low,General Degradation Risk based on combined operating conditions,Stable condition — continue routine monitoring
27,Distribution Transformer,0.024554076,Low,General Degradation Risk based on combined operating conditions,Stable condition — continue routine monitoring
49,Distribution Transformer,0.024551136,Low,General Degradation Risk based on combined operating conditions,Stable condition — continue routine monitoring
35,Distribution Transformer,0.024533505,Low,Voltage Instability caused by abnormal voltage fluctuation,Stable condition — continue routine monitoring
3,Distribution Transformer,0.024453985,Low,General Degradation Risk based on combined operating conditions,Stable condition — continue routine monitoring
11,Distribution Transformer,0.024442064,Low,Thermal Overload caused by excessive load and temperature stress,Stable condition — continue routine monitoring
48,Distribution Transformer,0.024411397,Low,General Degradation Risk based on combined operating conditions,Stable condition — continue routine monitoring
25,Distribution Transformer,0.024408365,Low,Sudden Load Variation caused by irregular demand pattern,Stable condition — continue routine monitoring
37,Distribution Transformer,0.024358265,Low,General Degradation Risk based on combined operating conditions,Stable condition — continue routine monitoring
31,Distribution Transformer,0.02432022,Low,Thermal Overload caused by excessive load and temperature stress,Stable condition — continue routine monitoring
29,Distribution Transformer,0.024292503,Low,General Degradation Risk based on combined operating conditions,Stable condition — continue routine monitoring
12,Distribution Transformer,0.0241904,Low,General Degradation Risk based on combined operating conditions,Stable condition — continue routine monitoring
11,Distribution Transformer,0.024173606,Low,General Degradation Risk based on combined operating conditions,Stable condition — continue routine monitoring
47,Distribution Transformer,0.02408467,Low,Sudden Load Variation caused by irregular demand pattern,Stable condition — continue routine monitoring
49,Distribution Transformer,0.024082344,Low,General Degradation Risk based on combined operating conditions,Stable condition — continue routine monitoring
32,Distribution Transformer,0.023950038,Low,Electrical Stress caused by high current flow,Stable condition — continue routine monitoring
48,Distribution Transformer,0.023872469,Low,Electrical Stress caused by high current flow,Stable condition — continue routine monitoring
16,Distribution Transformer,0.023808584,Low,General Degradation Risk based on combined operating conditions,Stable condition — continue routine monitoring
9,Distribution Transformer,0.023720559,Low,General Degradation Risk based on combined operating conditions,Stable condition — continue routine monitoring
45,Distribution Transformer,0.023686383,Low,General Degradation Risk based on combined operating conditions,Stable condition — continue routine monitoring
38,Distribution Transformer,0.023679767,Low,Sudden Load Variation caused by irregular demand pattern,Stable condition — continue routine monitoring
10,Distribution Transformer,0.02337188,Low,Electrical Stress caused by high current flow,Stable condition — continue routine monitoring
24,Distribution Transformer,0.023318771,Low,General Degradation Risk based on combined operating conditions,Stable condition — continue routine monitoring
23,Distribution Transformer,0.023138452,Low,Sudden Load Variation caused by irregular demand pattern,Stable condition — continue routine monitoring
14,Distribution Transformer,0.023045802,Low,General Degradation Risk based on combined operating conditions,Stable condition — continue routine monitoring
24,Distribution Transformer,0.023042995,Low,Voltage Instability caused by abnormal voltage fluctuation,Stable condition — continue routine monitoring
9,Distribution Transformer,0.023002073,Low,General Degradation Risk based on combined operating conditions,Stable condition — continue routine monitoring
20,Distribution Transformer,0.022972168,Low,Thermal Overload caused by excessive load and temperature stress,Stable condition — continue routine monitoring
26,Distribution Transformer,0.022967631,Low,Thermal Overload caused by excessive load and temperature stress,Stable condition — continue routine monitoring
31,Distribution Transformer,0.022949556,Low,General Degradation Risk based on combined operating conditions,Stable condition — continue routine monitoring
33,Distribution Transformer,0.022947678,Low,Electrical Stress caused by high current flow,Stable condition — continue routine monitoring
40,Distribution Transformer,0.02289272,Low,General Degradation Risk based on combined operating conditions,Stable condition — continue routine monitoring
2,Distribution Transformer,0.022854198,Low,General Degradation Risk based on combined operating conditions,Stable condition — continue routine monitoring
23,Distribution Transformer,0.022731815,Low,Voltage Instability caused by abnormal voltage fluctuation,Stable condition — continue routine monitoring
6,Distribution Transformer,0.022727838,Low,General Degradation Risk based on combined operating conditions,Stable condition — continue routine monitoring
5,Distribution Transformer,0.022682266,Low,Electrical Stress caused by high current flow,Stable condition — continue routine monitoring
30,Distribution Transformer,0.02257304,Low,Electrical Stress caused by high current flow,Stable condition — continue routine monitoring
38,Distribution Transformer,0.02254825,Low,Voltage Instability caused by abnormal voltage fluctuation,Stable condition — continue routine monitoring
7,Distribution Transformer,0.022537362,Low,General Degradation Risk based on combined operating conditions,Stable condition — continue routine monitoring
44,Distribution Transformer,0.022496205,Low,General Degradation Risk based on combined operating conditions,Stable condition — continue routine monitoring
36,Distribution Transformer,0.02248197,Low,General Degradation Risk based on combined operating conditions,Stable condition — continue routine monitoring
11,Distribution Transformer,0.022453113,Low,Electrical Stress caused by high current flow,Stable condition — continue routine monitoring
48,Distribution Transformer,0.022380525,Low,Electrical Stress caused by high current flow,Stable condition — continue routine monitoring
46,Distribution Transformer,0.022302078,Low,General Degradation Risk based on combined operating conditions,Stable condition — continue routine monitoring
33,Distribution Transformer,0.021810908,Low,Voltage Instability caused by abnormal voltage fluctuation,Stable condition — continue routine monitoring
29,Distribution Transformer,0.021649605,Low,General Degradation Risk based on combined operating conditions,Stable condition — continue routine monitoring
11,Distribution Transformer,0.02159052,Low,General Degradation Risk based on combined operating conditions,Stable condition — continue routine monitoring
8,Distribution Transformer,0.021549098,Low,General Degradation Risk based on combined operating conditions,Stable condition — continue routine monitoring
47,Distribution Transformer,0.021542273,Low,Voltage Instability caused by abnormal voltage fluctuation,Stable condition — continue routine monitoring
42,Distribution Transformer,0.021483453,Low,Electrical Stress caused by high current flow,Stable condition — continue routine monitoring
46,Distribution Transformer,0.021467214,Low,General Degradation Risk based on combined operating conditions,Stable condition — continue routine monitoring
45,Distribution Transformer,0.021420788,Low,Thermal Overload caused by excessive load and temperature stress,Stable condition — continue routine monitoring
16,Distribution Transformer,0.021407763,Low,General Degradation Risk based on combined operating conditions,Stable condition — continue routine monitoring
36,Distribution Transformer,0.021392608,Low,Sudden Load Variation caused by irregular demand pattern,Stable condition — continue routine monitoring
18,Distribution Transformer,0.021373276,Low,General Degradation Risk based on combined operating conditions,Stable condition — continue routine monitoring
3,Distribution Transformer,0.02126118,Low,Electrical Stress caused by high current flow,Stable condition — continue routine monitoring
29,Distribution Transformer,0.021226691,Low,Electrical Stress caused by high current flow,Stable condition — continue routine monitoring
17,Distribution Transformer,0.021202207,Low,Electrical Stress caused by high current flow,Stable condition — continue routine monitoring
29,Distribution Transformer,0.021086028,Low,General Degradation Risk based on combined operating conditions,Stable condition — continue routine monitoring
7,Distribution Transformer,0.021050466,Low,General Degradation Risk based on combined operating conditions,Stable condition — continue routine monitoring
26,Distribution Transformer,0.021019956,Low,General Degradation Risk based on combined operating conditions,Stable condition — continue routine monitoring
28,Distribution Transformer,0.020970669,Low,General Degradation Risk based on combined operating conditions,Stable condition — continue routine monitoring
26,Distribution Transformer,0.020970535,Low,Electrical Stress caused by high current flow,Stable condition — continue routine monitoring
39,Distribution Transformer,0.020830827,Low,Electrical Stress caused by high current flow,Stable condition — continue routine monitoring
16,Distribution Transformer,0.020785395,Low,Electrical Stress caused by high current flow,Stable condition — continue routine monitoring
13,Distribution Transformer,0.02068843,Low,Electrical Stress caused by high current flow,Stable condition — continue routine monitoring
14,Distribution Transformer,0.02065041,Low,Voltage Instability caused by abnormal voltage fluctuation,Stable condition — continue routine monitoring
2,Distribution Transformer,0.02058409,Low,General Degradation Risk based on combined operating conditions,Stable condition — continue routine monitoring
4,Distribution Transformer,0.020475449,Low,General Degradation Risk based on combined operating conditions,Stable condition — continue routine monitoring
35,Distribution Transformer,0.020257937,Low,Electrical Stress caused by high current flow,Stable condition — continue routine monitoring
32,Distribution Transformer,0.020230386,Low,General Degradation Risk based on combined operating conditions,Stable condition — continue routine monitoring
33,Distribution Transformer,0.020124508,Low,General Degradation Risk based on combined operating conditions,Stable condition — continue routine monitoring
1,Distribution Transformer,0.020079114,Low,Voltage Instability caused by abnormal voltage fluctuation,Stable condition — continue routine monitoring
29,Distribution Transformer,0.020076081,Low,General Degradation Risk based on combined operating conditions,Stable condition — continue routine monitoring
15,Distribution Transformer,0.020039981,Low,General Degradation Risk based on combined operating conditions,Stable condition — continue routine monitoring
8,Distribution Transformer,0.020004096,Low,Voltage Instability caused by abnormal voltage fluctuation,Stable condition — continue routine monitoring
46,Distribution Transformer,0.019966403,Low,Sudden Load Variation caused by irregular demand pattern,Stable condition — continue routine monitoring
11,Distribution Transformer,0.019942489,Low,Voltage Instability caused by abnormal voltage fluctuation,Stable condition — continue routine monitoring
35,Distribution Transformer,0.019782849,Low,General Degradation Risk based on combined operating conditions,Stable condition — continue routine monitoring
15,Distribution Transformer,0.019752393,Low,Electrical Stress caused by high current flow,Stable condition — continue routine monitoring
38,Distribution Transformer,0.019691968,Low,General Degradation Risk based on combined operating conditions,Stable condition — continue routine monitoring
35,Distribution Transformer,0.01966401,Low,General Degradation Risk based on combined operating conditions,Stable condition — continue routine monitoring
31,Distribution Transformer,0.019622888,Low,Sudden Load Variation caused by irregular demand pattern,Stable condition — continue routine monitoring
6,Distribution Transformer,0.019578924,Low,General Degradation Risk based on combined operating conditions,Stable condition — continue routine monitoring
22,Distribution Transformer,0.019500535,Low,General Degradation Risk based on combined operating conditions,Stable condition — continue routine monitoring
39,Distribution Transformer,0.01948604,Low,General Degradation Risk based on combined operating conditions,Stable condition — continue routine monitoring
17,Distribution Transformer,0.01942681,Low,Voltage Instability caused by abnormal voltage fluctuation,Stable condition — continue routine monitoring
37,Distribution Transformer,0.0192759,Low,Electrical Stress caused by high current flow,Stable condition — continue routine monitoring
9,Distribution Transformer,0.01926888,Low,Electrical Stress caused by high current flow,Stable condition — continue routine monitoring
49,Distribution Transformer,0.019268358,Low,Electrical Stress caused by high current flow,Stable condition — continue routine monitoring
33,Distribution Transformer,0.019176623,Low,General Degradation Risk based on combined operating conditions,Stable condition — continue routine monitoring
28,Distribution Transformer,0.019154876,Low,Electrical Stress caused by high current flow,Stable condition — continue routine monitoring
30,Distribution Transformer,0.019125154,Low,General Degradation Risk based on combined operating conditions,Stable condition — continue routine monitoring
13,Distribution Transformer,0.019122798,Low,General Degradation Risk based on combined operating conditions,Stable condition — continue routine monitoring
28,Distribution Transformer,0.019112628,Low,Sudden Load Variation caused by irregular demand pattern,Stable condition — continue routine monitoring
17,Distribution Transformer,0.019110633,Low,General Degradation Risk based on combined operating conditions,Stable condition — continue routine monitoring
23,Distribution Transformer,0.01904954,Low,General Degradation Risk based on combined operating conditions,Stable condition — continue routine monitoring
16,Distribution Transformer,0.019027643,Low,General Degradation Risk based on combined operating conditions,Stable condition — continue routine monitoring
5,Distribution Transformer,0.01898828,Low,General Degradation Risk based on combined operating conditions,Stable condition — continue routine monitoring
47,Distribution Transformer,0.018986588,Low,General Degradation Risk based on combined operating conditions,Stable condition — continue routine monitoring
35,Distribution Transformer,0.018923566,Low,General Degradation Risk based on combined operating conditions,Stable condition — continue routine monitoring
4,Distribution Transformer,0.018842746,Low,Electrical Stress caused by high current flow,Stable condition — continue routine monitoring
34,Distribution Transformer,0.018842066,Low,Electrical Stress caused by high current flow,Stable condition — continue routine monitoring
40,Distribution Transformer,0.018729916,Low,General Degradation Risk based on combined operating conditions,Stable condition — continue routine monitoring
29,Distribution Transformer,0.018685855,Low,Voltage Instability caused by abnormal voltage fluctuation,Stable condition — continue routine monitoring
19,Distribution Transformer,0.01864681,Low,General Degradation Risk based on combined operating conditions,Stable condition — continue routine monitoring
43,Distribution Transformer,0.018633325,Low,General Degradation Risk based on combined operating conditions,Stable condition — continue routine monitoring
3,Distribution Transformer,0.01861454,Low,General Degradation Risk based on combined operating conditions,Stable condition — continue routine monitoring
12,Distribution Transformer,0.018581675,Low,Electrical Stress caused by high current flow,Stable condition — continue routine monitoring
3,Distribution Transformer,0.018456481,Low,General Degradation Risk based on combined operating conditions,Stable condition — continue routine monitoring
24,Distribution Transformer,0.01832068,Low,Electrical Stress caused by high current flow,Stable condition — continue routine monitoring
25,Distribution Transformer,0.018253464,Low,General Degradation Risk based on combined operating conditions,Stable condition — continue routine monitoring
24,Distribution Transformer,0.018208489,Low,General Degradation Risk based on combined operating conditions,Stable condition — continue routine monitoring
31,Distribution Transformer,0.018174073,Low,General Degradation Risk based on combined operating conditions,Stable condition — continue routine monitoring
20,Distribution Transformer,0.01811093,Low,Electrical Stress caused by high current flow,Stable condition — continue routine monitoring
25,Distribution Transformer,0.018018922,Low,Electrical Stress caused by high current flow,Stable condition — continue routine monitoring
44,Distribution Transformer,0.017987603,Low,General Degradation Risk based on combined operating conditions,Stable condition — continue routine monitoring
45,Distribution Transformer,0.017912554,Low,Sudden Load Variation caused by irregular demand pattern,Stable condition — continue routine monitoring
5,Distribution Transformer,0.01786717,Low,Electrical Stress caused by high current flow,Stable condition — continue routine monitoring
10,Distribution Transformer,0.0178347,Low,Sudden Load Variation caused by irregular demand pattern,Stable condition — continue routine monitoring
41,Distribution Transformer,0.01779938,Low,General Degradation Risk based on combined operating conditions,Stable condition — continue routine monitoring
32,Distribution Transformer,0.01778482,Low,Electrical Stress caused by high current flow,Stable condition — continue routine monitoring
24,Distribution Transformer,0.01777273,Low,General Degradation Risk based on combined operating conditions,Stable condition — continue routine monitoring
12,Distribution Transformer,0.017745074,Low,General Degradation Risk based on combined operating conditions,Stable condition — continue routine monitoring
4,Distribution Transformer,0.017740944,Low,Voltage Instability caused by abnormal voltage fluctuation,Stable condition — continue routine monitoring
40,Distribution Transformer,0.017713642,Low,Voltage Instability caused by abnormal voltage fluctuation,Stable condition — continue routine monitoring
30,Distribution Transformer,0.01760975,Low,General Degradation Risk based on combined operating conditions,Stable condition — continue routine monitoring
24,Distribution Transformer,0.017557947,Low,Electrical Stress caused by high current flow,Stable condition — continue routine monitoring
1,Distribution Transformer,0.017467247,Low,Electrical Stress caused by high current flow,Stable condition — continue routine monitoring
24,Distribution Transformer,0.017436454,Low,Electrical Stress caused by high current flow,Stable condition — continue routine monitoring
28,Distribution Transformer,0.017343031,Low,General Degradation Risk based on combined operating conditions,Stable condition — continue routine monitoring
26,Distribution Transformer,0.01734095,Low,General Degradation Risk based on combined operating conditions,Stable condition — continue routine monitoring
44,Distribution Transformer,0.01725247,Low,General Degradation Risk based on combined operating conditions,Stable condition — continue routine monitoring
28,Distribution Transformer,0.017251806,Low,Voltage Instability caused by abnormal voltage fluctuation,Stable condition — continue routine monitoring
47,Distribution Transformer,0.017181426,Low,General Degradation Risk based on combined operating conditions,Stable condition — continue routine monitoring
24,Distribution Transformer,0.017136129,Low,Thermal Overload caused by excessive load and temperature stress,Stable condition — continue routine monitoring
38,Distribution Transformer,0.017065158,Low,Thermal Overload caused by excessive load and temperature stress,Stable condition — continue routine monitoring
45,Distribution Transformer,0.016924415,Low,General Degradation Risk based on combined operating conditions,Stable condition — continue routine monitoring
44,Distribution Transformer,0.01690364,Low,General Degradation Risk based on combined operating conditions,Stable condition — continue routine monitoring
32,Distribution Transformer,0.016862344,Low,General Degradation Risk based on combined operating conditions,Stable condition — continue routine monitoring
24,Distribution Transformer,0.01685707,Low,General Degradation Risk based on combined operating conditions,Stable condition — continue routine monitoring
38,Distribution Transformer,0.016854424,Low,Sudden Load Variation caused by irregular demand pattern,Stable condition — continue routine monitoring
24,Distribution Transformer,0.016821524,Low,Voltage Instability caused by abnormal voltage fluctuation,Stable condition — continue routine monitoring
44,Distribution Transformer,0.01673017,Low,General Degradation Risk based on combined operating conditions,Stable condition — continue routine monitoring
24,Distribution Transformer,0.016729621,Low,Electrical Stress caused by high current flow,Stable condition — continue routine monitoring
44,Distribution Transformer,0.016700936,Low,Sudden Load Variation caused by irregular demand pattern,Stable condition — continue routine monitoring
9,Distribution Transformer,0.01669137,Low,Electrical Stress caused by high current flow,Stable condition — continue routine monitoring
44,Distribution Transformer,0.016628096,Low,General Degradation Risk based on combined operating conditions,Stable condition — continue routine monitoring
5,Distribution Transformer,0.016626272,Low,General Degradation Risk based on combined operating conditions,Stable condition — continue routine monitoring
16,Distribution Transformer,0.016620947,Low,Electrical Stress caused by high current flow,Stable condition — continue routine monitoring
17,Distribution Transformer,0.016558278,Low,General Degradation Risk based on combined operating conditions,Stable condition — continue routine monitoring
15,Distribution Transformer,0.016506549,Low,General Degradation Risk based on combined operating conditions,Stable condition — continue routine monitoring
14,Distribution Transformer,0.016362377,Low,Sudden Load Variation caused by irregular demand pattern,Stable condition — continue routine monitoring
47,Distribution Transformer,0.016338343,Low,General Degradation Risk based on combined operating conditions,Stable condition — continue routine monitoring
25,Distribution Transformer,0.01632424,Low,General Degradation Risk based on combined operating conditions,Stable condition — continue routine monitoring
10,Distribution Transformer,0.016306922,Low,General Degradation Risk based on combined operating conditions,Stable condition — continue routine monitoring
36,Distribution Transformer,0.016294451,Low,General Degradation Risk based on combined operating conditions,Stable condition — continue routine monitoring
29,Distribution Transformer,0.01626167,Low,General Degradation Risk based on combined operating conditions,Stable condition — continue routine monitoring
28,Distribution Transformer,0.016222905,Low,General Degradation Risk based on combined operating conditions,Stable condition — continue routine monitoring
16,Distribution Transformer,0.016216794,Low,Electrical Stress caused by high current flow,Stable condition — continue routine monitoring
33,Distribution Transformer,0.01594149,Low,General Degradation Risk based on combined operating conditions,Stable condition — continue routine monitoring
17,Distribution Transformer,0.01590248,Low,General Degradation Risk based on combined operating conditions,Stable condition — continue routine monitoring
25,Distribution Transformer,0.015816009,Low,General Degradation Risk based on combined operating conditions,Stable condition — continue routine monitoring
17,Distribution Transformer,0.015804121,Low,General Degradation Risk based on combined operating conditions,Stable condition — continue routine monitoring
44,Distribution Transformer,0.015625099,Low,General Degradation Risk based on combined operating conditions,Stable condition — continue routine monitoring
45,Distribution Transformer,0.015532074,Low,General Degradation Risk based on combined operating conditions,Stable condition — continue routine monitoring
28,Distribution Transformer,0.015523719,Low,Electrical Stress caused by high current flow,Stable condition — continue routine monitoring
17,Distribution Transformer,0.015479968,Low,General Degradation Risk based on combined operating conditions,Stable condition — continue routine monitoring
33,Distribution Transformer,0.015469702,Low,Voltage Instability caused by abnormal voltage fluctuation,Stable condition — continue routine monitoring
17,Distribution Transformer,0.0154516585,Low,General Degradation Risk based on combined operating conditions,Stable condition — continue routine monitoring
20,Distribution Transformer,0.015418933,Low,General Degradation Risk based on combined operating conditions,Stable condition — continue routine monitoring
45,Distribution Transformer,0.015151156,Low,Voltage Instability caused by abnormal voltage fluctuation,Stable condition — continue routine monitoring
30,Distribution Transformer,0.015126451,Low,Sudden Load Variation caused by irregular demand pattern,Stable condition — continue routine monitoring
7,Distribution Transformer,0.015059312,Low,General Degradation Risk based on combined operating conditions,Stable condition — continue routine monitoring
31,Distribution Transformer,0.014917192,Low,Thermal Overload caused by excessive load and temperature stress,Stable condition — continue routine monitoring
17,Distribution Transformer,0.014906118,Low,General Degradation Risk based on combined operating conditions,Stable condition — continue routine monitoring
11,Distribution Transformer,0.014868495,Low,General Degradation Risk based on combined operating conditions,Stable condition — continue routine monitoring
44,Distribution Transformer,0.014800071,Low,General Degradation Risk based on combined operating conditions,Stable condition — continue routine monitoring
17,Distribution Transformer,0.014771737,Low,General Degradation Risk based on combined operating conditions,Stable condition — continue routine monitoring
6,Distribution Transformer,0.014738768,Low,General Degradation Risk based on combined operating conditions,Stable condition — continue routine monitoring
12,Distribution Transformer,0.014690638,Low,General Degradation Risk based on combined operating conditions,Stable condition — continue routine monitoring
39,Distribution Transformer,0.014646729,Low,General Degradation Risk based on combined operating conditions,Stable condition — continue routine monitoring
11,Distribution Transformer,0.014567874,Low,General Degradation Risk based on combined operating conditions,Stable condition — continue routine monitoring
35,Distribution Transformer,0.014546765,Low,General Degradation Risk based on combined operating conditions,Stable condition — continue routine monitoring
16,Distribution Transformer,0.01452974,Low,Voltage Instability caused by abnormal voltage fluctuation,Stable condition — continue routine monitoring
12,Distribution Transformer,0.014497971,Low,General Degradation Risk based on combined operating conditions,Stable condition — continue routine monitoring
34,Distribution Transformer,0.014324812,Low,General Degradation Risk based on combined operating conditions,Stable condition — continue routine monitoring
5,Distribution Transformer,0.014196644,Low,General Degradation Risk based on combined operating conditions,Stable condition — continue routine monitoring
24,Distribution Transformer,0.01419645,Low,General Degradation Risk based on combined operating conditions,Stable condition — continue routine monitoring
42,Distribution Transformer,0.014173511,Low,General Degradation Risk based on combined operating conditions,Stable condition — continue routine monitoring
1,Distribution Transformer,0.014154091,Low,Sudden Load Variation caused by irregular demand pattern,Stable condition — continue routine monitoring
43,Distribution Transformer,0.014095499,Low,Electrical Stress caused by high current flow,Stable condition — continue routine monitoring
34,Distribution Transformer,0.0140681835,Low,Voltage Instability caused by abnormal voltage fluctuation,Stable condition — continue routine monitoring
40,Distribution Transformer,0.013982133,Low,Thermal Overload caused by excessive load and temperature stress,Stable condition — continue routine monitoring
32,Distribution Transformer,0.013924125,Low,General Degradation Risk based on combined operating conditions,Stable condition — continue routine monitoring
29,Distribution Transformer,0.013857795,Low,Sudden Load Variation caused by irregular demand pattern,Stable condition — continue routine monitoring
45,Distribution Transformer,0.0138508435,Low,Voltage Instability caused by abnormal voltage fluctuation,Stable condition — continue routine monitoring
33,Distribution Transformer,0.013835442,Low,General Degradation Risk based on combined operating conditions,Stable condition — continue routine monitoring
45,Distribution Transformer,0.013814931,Low,General Degradation Risk based on combined operating conditions,Stable condition — continue routine monitoring
25,Distribution Transformer,0.013753764,Low,Electrical Stress caused by high current flow,Stable condition — continue routine monitoring
32,Distribution Transformer,0.013692175,Low,General Degradation Risk based on combined operating conditions,Stable condition — continue routine monitoring
19,Distribution Transformer,0.013683163,Low,General Degradation Risk based on combined operating conditions,Stable condition — continue routine monitoring
10,Distribution Transformer,0.013682758,Low,General Degradation Risk based on combined operating conditions,Stable condition — continue routine monitoring
16,Distribution Transformer,0.013661133,Low,Electrical Stress caused by high current flow,Stable condition — continue routine monitoring
37,Distribution Transformer,0.01363041,Low,General Degradation Risk based on combined operating conditions,Stable condition — continue routine monitoring
40,Distribution Transformer,0.013595746,Low,General Degradation Risk based on combined operating conditions,Stable condition — continue routine monitoring
21,Distribution Transformer,0.013570068,Low,General Degradation Risk based on combined operating conditions,Stable condition — continue routine monitoring
25,Distribution Transformer,0.013516156,Low,General Degradation Risk based on combined operating conditions,Stable condition — continue routine monitoring
14,Distribution Transformer,0.013397197,Low,Sudden Load Variation caused by irregular demand pattern,Stable condition — continue routine monitoring
21,Distribution Transformer,0.013371401,Low,General Degradation Risk based on combined operating conditions,Stable condition — continue routine monitoring
3,Distribution Transformer,0.013362684,Low,General Degradation Risk based on combined operating conditions,Stable condition — continue routine monitoring
15,Distribution Transformer,0.013360609,Low,General Degradation Risk based on combined operating conditions,Stable condition — continue routine monitoring
2,Distribution Transformer,0.013346794,Low,Electrical Stress caused by high current flow,Stable condition — continue routine monitoring
32,Distribution Transformer,0.01330413,Low,General Degradation Risk based on combined operating conditions,Stable condition — continue routine monitoring
15,Distribution Transformer,0.013269192,Low,Thermal Overload caused by excessive load and temperature stress,Stable condition — continue routine monitoring
32,Distribution Transformer,0.013233396,Low,General Degradation Risk based on combined operating conditions,Stable condition — continue routine monitoring
21,Distribution Transformer,0.013204156,Low,General Degradation Risk based on combined operating conditions,Stable condition — continue routine monitoring
6,Distribution Transformer,0.013198075,Low,General Degradation Risk based on combined operating conditions,Stable condition — continue routine monitoring
12,Distribution Transformer,0.013159076,Low,General Degradation Risk based on combined operating conditions,Stable condition — continue routine monitoring
4,Distribution Transformer,0.013071707,Low,General Degradation Risk based on combined operating conditions,Stable condition — continue routine monitoring
27,Distribution Transformer,0.01306795,Low,Electrical Stress caused by high current flow,Stable condition — continue routine monitoring
36,Distribution Transformer,0.013036266,Low,Sudden Load Variation caused by irregular demand pattern,Stable condition — continue routine monitoring
9,Distribution Transformer,0.013025204,Low,General Degradation Risk based on combined operating conditions,Stable condition — continue routine monitoring
19,Distribution Transformer,0.013002456,Low,General Degradation Risk based on combined operating conditions,Stable condition — continue routine monitoring
23,Distribution Transformer,0.012969446,Low,Electrical Stress caused by high current flow,Stable condition — continue routine monitoring
36,Distribution Transformer,0.012918472,Low,Voltage Instability caused by abnormal voltage fluctuation,Stable condition — continue routine monitoring
33,Distribution Transformer,0.012916077,Low,Electrical Stress caused by high current flow,Stable condition — continue routine monitoring
9,Distribution Transformer,0.012892499,Low,General Degradation Risk based on combined operating conditions,Stable condition — continue routine monitoring
8,Distribution Transformer,0.012834843,Low,Electrical Stress caused by high current flow,Stable condition — continue routine monitoring
49,Distribution Transformer,0.012775939,Low,General Degradation Risk based on combined operating conditions,Stable condition — continue routine monitoring
44,Distribution Transformer,0.012763303,Low,Electrical Stress caused by high current flow,Stable condition — continue routine monitoring
35,Distribution Transformer,0.012698456,Low,Thermal Overload caused by excessive load and temperature stress,Stable condition — continue routine monitoring
36,Distribution Transformer,0.012601486,Low,Sudden Load Variation caused by irregular demand pattern,Stable condition — continue routine monitoring
45,Distribution Transformer,0.012536069,Low,Voltage Instability caused by abnormal voltage fluctuation,Stable condition — continue routine monitoring
13,Distribution Transformer,0.012430983,Low,Electrical Stress caused by high current flow,Stable condition — continue routine monitoring
41,Distribution Transformer,0.012218729,Low,General Degradation Risk based on combined operating conditions,Stable condition — continue routine monitoring
7,Distribution Transformer,0.012168687,Low,Voltage Instability caused by abnormal voltage fluctuation,Stable condition — continue routine monitoring
36,Distribution Transformer,0.012140832,Low,General Degradation Risk based on combined operating conditions,Stable condition — continue routine monitoring
29,Distribution Transformer,0.012133885,Low,Electrical Stress caused by high current flow,Stable condition — continue routine monitoring
48,Distribution Transformer,0.012127708,Low,Sudden Load Variation caused by irregular demand pattern,Stable condition — continue routine monitoring
37,Distribution Transformer,0.012107478,Low,Electrical Stress caused by high current flow,Stable condition — continue routine monitoring
18,Distribution Transformer,0.01207846,Low,General Degradation Risk based on combined operating conditions,Stable condition — continue routine monitoring
24,Distribution Transformer,0.011996421,Low,General Degradation Risk based on combined operating conditions,Stable condition — continue routine monitoring
33,Distribution Transformer,0.011859652,Low,Electrical Stress caused by high current flow,Stable condition — continue routine monitoring
34,Distribution Transformer,0.011833154,Low,Electrical Stress caused by high current flow,Stable condition — continue routine monitoring
48,Distribution Transformer,0.011814301,Low,Voltage Instability caused by abnormal voltage fluctuation,Stable condition — continue routine monitoring
39,Distribution Transformer,0.011808902,Low,Electrical Stress caused by high current flow,Stable condition — continue routine monitoring
43,Distribution Transformer,0.011760994,Low,Voltage Instability caused by abnormal voltage fluctuation,Stable condition — continue routine monitoring
30,Distribution Transformer,0.011576839,Low,Electrical Stress caused by high current flow,Stable condition — continue routine monitoring
24,Distribution Transformer,0.011556291,Low,Electrical Stress caused by high current flow,Stable condition — continue routine monitoring
3,Distribution Transformer,0.011514465,Low,General Degradation Risk based on combined operating conditions,Stable condition — continue routine monitoring
39,Distribution Transformer,0.011439204,Low,General Degradation Risk based on combined operating conditions,Stable condition — continue routine monitoring
21,Distribution Transformer,0.011435021,Low,General Degradation Risk based on combined operating conditions,Stable condition — continue routine monitoring
11,Distribution Transformer,0.011419932,Low,General Degradation Risk based on combined operating conditions,Stable condition — continue routine monitoring
33,Distribution Transformer,0.011351804,Low,Electrical Stress caused by high current flow,Stable condition — continue routine monitoring
44,Distribution Transformer,0.011330786,Low,General Degradation Risk based on combined operating conditions,Stable condition — continue routine monitoring
35,Distribution Transformer,0.011309648,Low,General Degradation Risk based on combined operating conditions,Stable condition — continue routine monitoring
29,Distribution Transformer,0.01130856,Low,Electrical Stress caused by high current flow,Stable condition — continue routine monitoring
41,Distribution Transformer,0.011262818,Low,Sudden Load Variation caused by irregular demand pattern,Stable condition — continue routine monitoring
30,Distribution Transformer,0.011140468,Low,General Degradation Risk based on combined operating conditions,Stable condition — continue routine monitoring
13,Distribution Transformer,0.010975032,Low,Voltage Instability caused by abnormal voltage fluctuation,Stable condition — continue routine monitoring
12,Distribution Transformer,0.010919788,Low,General Degradation Risk based on combined operating conditions,Stable condition — continue routine monitoring
3,Distribution Transformer,0.0108705135,Low,General Degradation Risk based on combined operating conditions,Stable condition — continue routine monitoring
39,Distribution Transformer,0.010851176,Low,General Degradation Risk based on combined operating conditions,Stable condition — continue routine monitoring
23,Distribution Transformer,0.010722191,Low,Sudden Load Variation caused by irregular demand pattern,Stable condition — continue routine monitoring
41,Distribution Transformer,0.010715396,Low,General Degradation Risk based on combined operating conditions,Stable condition — continue routine monitoring
33,Distribution Transformer,0.010668755,Low,General Degradation Risk based on combined operating conditions,Stable condition — continue routine monitoring
15,Distribution Transformer,0.010618508,Low,General Degradation Risk based on combined operating conditions,Stable condition — continue routine monitoring
2,Distribution Transformer,0.010580623,Low,Electrical Stress caused by high current flow,Stable condition — continue routine monitoring
17,Distribution Transformer,0.010551167,Low,General Degradation Risk based on combined operating conditions,Stable condition — continue routine monitoring
10,Distribution Transformer,0.010490552,Low,General Degradation Risk based on combined operating conditions,Stable condition — continue routine monitoring
7,Distribution Transformer,0.010487132,Low,General Degradation Risk based on combined operating conditions,Stable condition — continue routine monitoring
5,Distribution Transformer,0.010467149,Low,General Degradation Risk based on combined operating conditions,Stable condition — continue routine monitoring
3,Distribution Transformer,0.010423693,Low,General Degradation Risk based on combined operating conditions,Stable condition — continue routine monitoring
17,Distribution Transformer,0.010328035,Low,General Degradation Risk based on combined operating conditions,Stable condition — continue routine monitoring
39,Distribution Transformer,0.010308252,Low,Electrical Stress caused by high current flow,Stable condition — continue routine monitoring
34,Distribution Transformer,0.010305265,Low,General Degradation Risk based on combined operating conditions,Stable condition — continue routine monitoring
42,Distribution Transformer,0.010283228,Low,General Degradation Risk based on combined operating conditions,Stable condition — continue routine monitoring
42,Distribution Transformer,0.010212977,Low,General Degradation Risk based on combined operating conditions,Stable condition — continue routine monitoring
39,Distribution Transformer,0.010209372,Low,Sudden Load Variation caused by irregular demand pattern,Stable condition — continue routine monitoring
25,Distribution Transformer,0.010198811,Low,General Degradation Risk based on combined operating conditions,Stable condition — continue routine monitoring
28,Distribution Transformer,0.010195563,Low,Voltage Instability caused by abnormal voltage fluctuation,Stable condition — continue routine monitoring
39,Distribution Transformer,0.010179862,Low,General Degradation Risk based on combined operating conditions,Stable condition — continue routine monitoring
16,Distribution Transformer,0.010135553,Low,General Degradation Risk based on combined operating conditions,Stable condition — continue routine monitoring
22,Distribution Transformer,0.010135414,Low,General Degradation Risk based on combined operating conditions,Stable condition — continue routine monitoring
25,Distribution Transformer,0.010134582,Low,Electrical Stress caused by high current flow,Stable condition — continue routine monitoring
7,Distribution Transformer,0.010132238,Low,Electrical Stress caused by high current flow,Stable condition — continue routine monitoring
17,Distribution Transformer,0.010114984,Low,Sudden Load Variation caused by irregular demand pattern,Stable condition — continue routine monitoring
27,Distribution Transformer,0.01004632,Low,General Degradation Risk based on combined operating conditions,Stable condition — continue routine monitoring
38,Distribution Transformer,0.010004305,Low,General Degradation Risk based on combined operating conditions,Stable condition — continue routine monitoring
11,Distribution Transformer,0.009998073,Low,General Degradation Risk based on combined operating conditions,Stable condition — continue routine monitoring
34,Distribution Transformer,0.009982595,Low,Electrical Stress caused by high current flow,Stable condition — continue routine monitoring
13,Distribution Transformer,0.009893971,Low,General Degradation Risk based on combined operating conditions,Stable condition — continue routine monitoring
9,Distribution Transformer,0.009877641,Low,General Degradation Risk based on combined operating conditions,Stable condition — continue routine monitoring
2,Distribution Transformer,0.009865089,Low,General Degradation Risk based on combined operating conditions,Stable condition — continue routine monitoring
37,Distribution Transformer,0.009849196,Low,General Degradation Risk based on combined operating conditions,Stable condition — continue routine monitoring
37,Distribution Transformer,0.009834587,Low,Voltage Instability caused by abnormal voltage fluctuation,Stable condition — continue routine monitoring
1,Distribution Transformer,0.009827266,Low,General Degradation Risk based on combined operating conditions,Stable condition — continue routine monitoring
43,Distribution Transformer,0.00982228,Low,Sudden Load Variation caused by irregular demand pattern,Stable condition — continue routine monitoring
28,Distribution Transformer,0.009772984,Low,General Degradation Risk based on combined operating conditions,Stable condition — continue routine monitoring
36,Distribution Transformer,0.009753194,Low,General Degradation Risk based on combined operating conditions,Stable condition — continue routine monitoring
30,Distribution Transformer,0.009700406,Low,General Degradation Risk based on combined operating conditions,Stable condition — continue routine monitoring
13,Distribution Transformer,0.009619763,Low,Sudden Load Variation caused by irregular demand pattern,Stable condition — continue routine monitoring
20,Distribution Transformer,0.009609339,Low,General Degradation Risk based on combined operating conditions,Stable condition — continue routine monitoring
37,Distribution Transformer,0.009604774,Low,Sudden Load Variation caused by irregular demand pattern,Stable condition — continue routine monitoring
17,Distribution Transformer,0.009589768,Low,Electrical Stress caused by high current flow,Stable condition — continue routine monitoring
14,Distribution Transformer,0.009556953,Low,Voltage Instability caused by abnormal voltage fluctuation,Stable condition — continue routine monitoring
33,Distribution Transformer,0.009515238,Low,Electrical Stress caused by high current flow,Stable condition — continue routine monitoring
3,Distribution Transformer,0.009508275,Low,Voltage Instability caused by abnormal voltage fluctuation,Stable condition — continue routine monitoring
23,Distribution Transformer,0.009497198,Low,Voltage Instability caused by abnormal voltage fluctuation,Stable condition — continue routine monitoring
16,Distribution Transformer,0.009445855,Low,Sudden Load Variation caused by irregular demand pattern,Stable condition — continue routine monitoring
8,Distribution Transformer,0.009401987,Low,Voltage Instability caused by abnormal voltage fluctuation,Stable condition — continue routine monitoring
7,Distribution Transformer,0.009397983,Low,General Degradation Risk based on combined operating conditions,Stable condition — continue routine monitoring
8,Distribution Transformer,0.00938135,Low,General Degradation Risk based on combined operating conditions,Stable condition — continue routine monitoring
28,Distribution Transformer,0.009373125,Low,General Degradation Risk based on combined operating conditions,Stable condition — continue routine monitoring
4,Distribution Transformer,0.009361204,Low,Voltage Instability caused by abnormal voltage fluctuation,Stable condition — continue routine monitoring
33,Distribution Transformer,0.009311042,Low,General Degradation Risk based on combined operating conditions,Stable condition — continue routine monitoring
41,Distribution Transformer,0.009251805,Low,General Degradation Risk based on combined operating conditions,Stable condition — continue routine monitoring
32,Distribution Transformer,0.009219792,Low,General Degradation Risk based on combined operating conditions,Stable condition — continue routine monitoring
37,Distribution Transformer,0.0091467975,Low,General Degradation Risk based on combined operating conditions,Stable condition — continue routine monitoring
37,Distribution Transformer,0.009145614,Low,Electrical Stress caused by high current flow,Stable condition — continue routine monitoring
43,Distribution Transformer,0.009121525,Low,General Degradation Risk based on combined operating conditions,Stable condition — continue routine monitoring
26,Distribution Transformer,0.009098449,Low,General Degradation Risk based on combined operating conditions,Stable condition — continue routine monitoring
36,Distribution Transformer,0.009088494,Low,General Degradation Risk based on combined operating conditions,Stable condition — continue routine monitoring
32,Distribution Transformer,0.0090735955,Low,General Degradation Risk based on combined operating conditions,Stable condition — continue routine monitoring
43,Distribution Transformer,0.009071885,Low,General Degradation Risk based on combined operating conditions,Stable condition — continue routine monitoring
29,Distribution Transformer,0.009064896,Low,General Degradation Risk based on combined operating conditions,Stable condition — continue routine monitoring
22,Distribution Transformer,0.009024598,Low,Electrical Stress caused by high current flow,Stable condition — continue routine monitoring
8,Distribution Transformer,0.009016738,Low,General Degradation Risk based on combined operating conditions,Stable condition — continue routine monitoring
24,Distribution Transformer,0.0090158,Low,General Degradation Risk based on combined operating conditions,Stable condition — continue routine monitoring
43,Distribution Transformer,0.00899577,Low,General Degradation Risk based on combined operating conditions,Stable condition — continue routine monitoring
2,Distribution Transformer,0.0089651765,Low,Sudden Load Variation caused by irregular demand pattern,Stable condition — continue routine monitoring
6,Distribution Transformer,0.0089087775,Low,Electrical Stress caused by high current flow,Stable condition — continue routine monitoring
17,Distribution Transformer,0.00889004,Low,Electrical Stress caused by high current flow,Stable condition — continue routine monitoring
22,Distribution Transformer,0.0088643525,Low,General Degradation Risk based on combined operating conditions,Stable condition — continue routine monitoring
33,Distribution Transformer,0.0088275615,Low,Electrical Stress caused by high current flow,Stable condition — continue routine monitoring
3,Distribution Transformer,0.008805027,Low,General Degradation Risk based on combined operating conditions,Stable condition — continue routine monitoring
5,Distribution Transformer,0.008774484,Low,General Degradation Risk based on combined operating conditions,Stable condition — continue routine monitoring
41,Distribution Transformer,0.008763782,Low,Electrical Stress caused by high current flow,Stable condition — continue routine monitoring
32,Distribution Transformer,0.008761367,Low,General Degradation Risk based on combined operating conditions,Stable condition — continue routine monitoring
49,Distribution Transformer,0.008741417,Low,Sudden Load Variation caused by irregular demand pattern,Stable condition — continue routine monitoring
39,Distribution Transformer,0.008711038,Low,General Degradation Risk based on combined operating conditions,Stable condition — continue routine monitoring
46,Distribution Transformer,0.0087066665,Low,General Degradation Risk based on combined operating conditions,Stable condition — continue routine monitoring
40,Distribution Transformer,0.008676203,Low,Electrical Stress caused by high current flow,Stable condition — continue routine monitoring
19,Distribution Transformer,0.008669455,Low,General Degradation Risk based on combined operating conditions,Stable condition — continue routine monitoring
14,Distribution Transformer,0.00860261,Low,Electrical Stress caused by high current flow,Stable condition — continue routine monitoring
7,Distribution Transformer,0.0085939355,Low,Electrical Stress caused by high current flow,Stable condition — continue routine monitoring
37,Distribution Transformer,0.008530684,Low,Sudden Load Variation caused by irregular demand pattern,Stable condition — continue routine monitoring
21,Distribution Transformer,0.008485817,Low,Voltage Instability caused by abnormal voltage fluctuation,Stable condition — continue routine monitoring
49,Distribution Transformer,0.008402896,Low,General Degradation Risk based on combined operating conditions,Stable condition — continue routine monitoring
46,Distribution Transformer,0.0083668325,Low,Sudden Load Variation caused by irregular demand pattern,Stable condition — continue routine monitoring
48,Distribution Transformer,0.008317772,Low,General Degradation Risk based on combined operating conditions,Stable condition — continue routine monitoring
34,Distribution Transformer,0.008259349,Low,General Degradation Risk based on combined operating conditions,Stable condition — continue routine monitoring
1,Distribution Transformer,0.008234626,Low,Electrical Stress caused by high current flow,Stable condition — continue routine monitoring
12,Distribution Transformer,0.0082032895,Low,General Degradation Risk based on combined operating conditions,Stable condition — continue routine monitoring
49,Distribution Transformer,0.008201071,Low,General Degradation Risk based on combined operating conditions,Stable condition — continue routine monitoring
46,Distribution Transformer,0.008112253,Low,Sudden Load Variation caused by irregular demand pattern,Stable condition — continue routine monitoring
10,Distribution Transformer,0.008107212,Low,Voltage Instability caused by abnormal voltage fluctuation,Stable condition — continue routine monitoring
24,Distribution Transformer,0.008076102,Low,General Degradation Risk based on combined operating conditions,Stable condition — continue routine monitoring
38,Distribution Transformer,0.008061541,Low,General Degradation Risk based on combined operating conditions,Stable condition — continue routine monitoring
19,Distribution Transformer,0.008032231,Low,Sudden Load Variation caused by irregular demand pattern,Stable condition — continue routine monitoring
49,Distribution Transformer,0.008025576,Low,General Degradation Risk based on combined operating conditions,Stable condition — continue routine monitoring
20,Distribution Transformer,0.008023731,Low,General Degradation Risk based on combined operating conditions,Stable condition — continue routine monitoring
9,Distribution Transformer,0.007972495,Low,Thermal Overload caused by excessive load and temperature stress,Stable condition — continue routine monitoring
45,Distribution Transformer,0.0079696365,Low,Sudden Load Variation caused by irregular demand pattern,Stable condition — continue routine monitoring
11,Distribution Transformer,0.007964511,Low,General Degradation Risk based on combined operating conditions,Stable condition — continue routine monitoring
49,Distribution Transformer,0.007944948,Low,Thermal Overload caused by excessive load and temperature stress,Stable condition — continue routine monitoring
43,Distribution Transformer,0.00789953,Low,General Degradation Risk based on combined operating conditions,Stable condition — continue routine monitoring
35,Distribution Transformer,0.007899078,Low,Electrical Stress caused by high current flow,Stable condition — continue routine monitoring
15,Distribution Transformer,0.007876625,Low,Electrical Stress caused by high current flow,Stable condition — continue routine monitoring
13,Distribution Transformer,0.007849852,Low,Voltage Instability caused by abnormal voltage fluctuation,Stable condition — continue routine monitoring
34,Distribution Transformer,0.007849547,Low,General Degradation Risk based on combined operating conditions,Stable condition — continue routine monitoring
27,Distribution Transformer,0.0078051393,Low,General Degradation Risk based on combined operating conditions,Stable condition — continue routine monitoring
31,Distribution Transformer,0.0077377385,Low,General Degradation Risk based on combined operating conditions,Stable condition — continue routine monitoring
25,Distribution Transformer,0.007732976,Low,Voltage Instability caused by abnormal voltage fluctuation,Stable condition — continue routine monitoring
27,Distribution Transformer,0.0076844324,Low,Voltage Instability caused by abnormal voltage fluctuation,Stable condition — continue routine monitoring
4,Distribution Transformer,0.007660407,Low,General Degradation Risk based on combined operating conditions,Stable condition — continue routine monitoring
21,Distribution Transformer,0.007659896,Low,General Degradation Risk based on combined operating conditions,Stable condition — continue routine monitoring
20,Distribution Transformer,0.0076583624,Low,Sudden Load Variation caused by irregular demand pattern,Stable condition — continue routine monitoring
4,Distribution Transformer,0.0076421304,Low,General Degradation Risk based on combined operating conditions,Stable condition — continue routine monitoring
48,Distribution Transformer,0.0076037897,Low,General Degradation Risk based on combined operating conditions,Stable condition — continue routine monitoring
3,Distribution Transformer,0.007552954,Low,General Degradation Risk based on combined operating conditions,Stable condition — continue routine monitoring
23,Distribution Transformer,0.0075385068,Low,General Degradation Risk based on combined operating conditions,Stable condition — continue routine monitoring
38,Distribution Transformer,0.0075372043,Low,Electrical Stress caused by high current flow,Stable condition — continue routine monitoring
9,Distribution Transformer,0.007514762,Low,Electrical Stress caused by high current flow,Stable condition — continue routine monitoring
39,Distribution Transformer,0.0075127427,Low,General Degradation Risk based on combined operating conditions,Stable condition — continue routine monitoring
46,Distribution Transformer,0.0074998937,Low,General Degradation Risk based on combined operating conditions,Stable condition — continue routine monitoring
24,Distribution Transformer,0.0074672494,Low,Electrical Stress caused by high current flow,Stable condition — continue routine monitoring
40,Distribution Transformer,0.0074650515,Low,Sudden Load Variation caused by irregular demand pattern,Stable condition — continue routine monitoring
31,Distribution Transformer,0.0074447845,Low,General Degradation Risk based on combined operating conditions,Stable condition — continue routine monitoring
30,Distribution Transformer,0.007438832,Low,General Degradation Risk based on combined operating conditions,Stable condition — continue routine monitoring
2,Distribution Transformer,0.0074242433,Low,Electrical Stress caused by high current flow,Stable condition — continue routine monitoring
48,Distribution Transformer,0.0074024433,Low,General Degradation Risk based on combined operating conditions,Stable condition — continue routine monitoring
40,Distribution Transformer,0.007364061,Low,Sudden Load Variation caused by irregular demand pattern,Stable condition — continue routine monitoring
40,Distribution Transformer,0.007362396,Low,General Degradation Risk based on combined operating conditions,Stable condition — continue routine monitoring
29,Distribution Transformer,0.007339525,Low,Sudden Load Variation caused by irregular demand pattern,Stable condition — continue routine monitoring
43,Distribution Transformer,0.0072996644,Low,Electrical Stress caused by high current flow,Stable condition — continue routine monitoring
38,Distribution Transformer,0.007260121,Low,Electrical Stress caused by high current flow,Stable condition — continue routine monitoring
35,Distribution Transformer,0.007240842,Low,Sudden Load Variation caused by irregular demand pattern,Stable condition — continue routine monitoring
47,Distribution Transformer,0.007234709,Low,Sudden Load Variation caused by irregular demand pattern,Stable condition — continue routine monitoring
20,Distribution Transformer,0.0071300548,Low,Sudden Load Variation caused by irregular demand pattern,Stable condition — continue routine monitoring
41,Distribution Transformer,0.0070681777,Low,General Degradation Risk based on combined operating conditions,Stable condition — continue routine monitoring
42,Distribution Transformer,0.0070236446,Low,Sudden Load Variation caused by irregular demand pattern,Stable condition — continue routine monitoring
26,Distribution Transformer,0.0069827684,Low,Electrical Stress caused by high current flow,Stable condition — continue routine monitoring
18,Distribution Transformer,0.006976079,Low,Sudden Load Variation caused by irregular demand pattern,Stable condition — continue routine monitoring
1,Distribution Transformer,0.006970241,Low,Electrical Stress caused by high current flow,Stable condition — continue routine monitoring
35,Distribution Transformer,0.006913188,Low,General Degradation Risk based on combined operating conditions,Stable condition — continue routine monitoring
6,Distribution Transformer,0.0069088414,Low,General Degradation Risk based on combined operating conditions,Stable condition — continue routine monitoring
30,Distribution Transformer,0.0069061266,Low,General Degradation Risk based on combined operating conditions,Stable condition — continue routine monitoring
45,Distribution Transformer,0.0068968846,Low,Sudden Load Variation caused by irregular demand pattern,Stable condition — continue routine monitoring
25,Distribution Transformer,0.006876313,Low,Electrical Stress caused by high current flow,Stable condition — continue routine monitoring
21,Distribution Transformer,0.006858111,Low,Electrical Stress caused by high current flow,Stable condition — continue routine monitoring
49,Distribution Transformer,0.006837253,Low,Voltage Instability caused by abnormal voltage fluctuation,Stable condition — continue routine monitoring
44,Distribution Transformer,0.0068079475,Low,Thermal Overload caused by excessive load and temperature stress,Stable condition — continue routine monitoring
29,Distribution Transformer,0.0067856754,Low,General Degradation Risk based on combined operating conditions,Stable condition — continue routine monitoring
8,Distribution Transformer,0.0067527182,Low,Electrical Stress caused by high current flow,Stable condition — continue routine monitoring
15,Distribution Transformer,0.0067492616,Low,Electrical Stress caused by high current flow,Stable condition — continue routine monitoring
1,Distribution Transformer,0.006730403,Low,Electrical Stress caused by high current flow,Stable condition — continue routine monitoring
8,Distribution Transformer,0.0067151827,Low,General Degradation Risk based on combined operating conditions,Stable condition — continue routine monitoring
36,Distribution Transformer,0.0066816765,Low,Electrical Stress caused by high current flow,Stable condition — continue routine monitoring
20,Distribution Transformer,0.0066609094,Low,General Degradation Risk based on combined operating conditions,Stable condition — continue routine monitoring
1,Distribution Transformer,0.006645008,Low,Electrical Stress caused by high current flow,Stable condition — continue routine monitoring
27,Distribution Transformer,0.0066228835,Low,General Degradation Risk based on combined operating conditions,Stable condition — continue routine monitoring
2,Distribution Transformer,0.0065385494,Low,Electrical Stress caused by high current flow,Stable condition — continue routine monitoring
31,Distribution Transformer,0.006469228,Low,Sudden Load Variation caused by irregular demand pattern,Stable condition — continue routine monitoring
20,Distribution Transformer,0.00644514,Low,General Degradation Risk based on combined operating conditions,Stable condition — continue routine monitoring
12,Distribution Transformer,0.0063950103,Low,General Degradation Risk based on combined operating conditions,Stable condition — continue routine monitoring
1,Distribution Transformer,0.0063093617,Low,Sudden Load Variation caused by irregular demand pattern,Stable condition — continue routine monitoring
37,Distribution Transformer,0.0063090893,Low,General Degradation Risk based on combined operating conditions,Stable condition — continue routine monitoring
23,Distribution Transformer,0.0062984764,Low,General Degradation Risk based on combined operating conditions,Stable condition — continue routine monitoring
41,Distribution Transformer,0.0062949713,Low,Sudden Load Variation caused by irregular demand pattern,Stable condition — continue routine monitoring
24,Distribution Transformer,0.0062667686,Low,General Degradation Risk based on combined operating conditions,Stable condition — continue routine monitoring
32,Distribution Transformer,0.0062280563,Low,Voltage Instability caused by abnormal voltage fluctuation,Stable condition — continue routine monitoring
2,Distribution Transformer,0.006215679,Low,Sudden Load Variation caused by irregular demand pattern,Stable condition — continue routine monitoring
35,Distribution Transformer,0.0062011043,Low,General Degradation Risk based on combined operating conditions,Stable condition — continue routine monitoring
19,Distribution Transformer,0.006131313,Low,Electrical Stress caused by high current flow,Stable condition — continue routine monitoring
32,Distribution Transformer,0.006118077,Low,General Degradation Risk based on combined operating conditions,Stable condition — continue routine monitoring
8,Distribution Transformer,0.006093151,Low,General Degradation Risk based on combined operating conditions,Stable condition — continue routine monitoring
23,Distribution Transformer,0.006080222,Low,General Degradation Risk based on combined operating conditions,Stable condition — continue routine monitoring
17,Distribution Transformer,0.0060676937,Low,Sudden Load Variation caused by irregular demand pattern,Stable condition — continue routine monitoring
29,Distribution Transformer,0.0060459864,Low,General Degradation Risk based on combined operating conditions,Stable condition — continue routine monitoring
11,Distribution Transformer,0.0060288147,Low,Sudden Load Variation caused by irregular demand pattern,Stable condition — continue routine monitoring
44,Distribution Transformer,0.0060176323,Low,General Degradation Risk based on combined operating conditions,Stable condition — continue routine monitoring
44,Distribution Transformer,0.0060176235,Low,Voltage Instability caused by abnormal voltage fluctuation,Stable condition — continue routine monitoring
28,Distribution Transformer,0.006010654,Low,General Degradation Risk based on combined operating conditions,Stable condition — continue routine monitoring
44,Distribution Transformer,0.006008848,Low,General Degradation Risk based on combined operating conditions,Stable condition — continue routine monitoring
28,Distribution Transformer,0.0059377584,Low,General Degradation Risk based on combined operating conditions,Stable condition — continue routine monitoring
22,Distribution Transformer,0.0058990493,Low,Sudden Load Variation caused by irregular demand pattern,Stable condition — continue routine monitoring
9,Distribution Transformer,0.005897668,Low,Voltage Instability caused by abnormal voltage fluctuation,Stable condition — continue routine monitoring
9,Distribution Transformer,0.0058581084,Low,General Degradation Risk based on combined operating conditions,Stable condition — continue routine monitoring
49,Distribution Transformer,0.005775053,Low,Sudden Load Variation caused by irregular demand pattern,Stable condition — continue routine monitoring
5,Distribution Transformer,0.00577381,Low,General Degradation Risk based on combined operating conditions,Stable condition — continue routine monitoring
8,Distribution Transformer,0.0057338635,Low,Voltage Instability caused by abnormal voltage fluctuation,Stable condition — continue routine monitoring
48,Distribution Transformer,0.005729782,Low,Sudden Load Variation caused by irregular demand pattern,Stable condition — continue routine monitoring
23,Distribution Transformer,0.005633264,Low,General Degradation Risk based on combined operating conditions,Stable condition — continue routine monitoring
12,Distribution Transformer,0.005589819,Low,General Degradation Risk based on combined operating conditions,Stable condition — continue routine monitoring
23,Distribution Transformer,0.0055584265,Low,General Degradation Risk based on combined operating conditions,Stable condition — continue routine monitoring
3,Distribution Transformer,0.005435526,Low,Thermal Overload caused by excessive load and temperature stress,Stable condition — continue routine monitoring
39,Distribution Transformer,0.005432397,Low,Electrical Stress caused by high current flow,Stable condition — continue routine monitoring
46,Distribution Transformer,0.005426045,Low,General Degradation Risk based on combined operating conditions,Stable condition — continue routine monitoring
46,Distribution Transformer,0.0053970953,Low,General Degradation Risk based on combined operating conditions,Stable condition — continue routine monitoring
28,Distribution Transformer,0.005363408,Low,Sudden Load Variation caused by irregular demand pattern,Stable condition — continue routine monitoring
38,Distribution Transformer,0.005351029,Low,General Degradation Risk based on combined operating conditions,Stable condition — continue routine monitoring
35,Distribution Transformer,0.0053185103,Low,Sudden Load Variation caused by irregular demand pattern,Stable condition — continue routine monitoring
4,Distribution Transformer,0.0052440176,Low,Electrical Stress caused by high current flow,Stable condition — continue routine monitoring
28,Distribution Transformer,0.00524312,Low,Sudden Load Variation caused by irregular demand pattern,Stable condition — continue routine monitoring
32,Distribution Transformer,0.005199646,Low,Electrical Stress caused by high current flow,Stable condition — continue routine monitoring
44,Distribution Transformer,0.0051938454,Low,Sudden Load Variation caused by irregular demand pattern,Stable condition — continue routine monitoring
46,Distribution Transformer,0.005180922,Low,General Degradation Risk based on combined operating conditions,Stable condition — continue routine monitoring
34,Distribution Transformer,0.005124541,Low,Sudden Load Variation caused by irregular demand pattern,Stable condition — continue routine monitoring
30,Distribution Transformer,0.00509278,Low,General Degradation Risk based on combined operating conditions,Stable condition — continue routine monitoring
40,Distribution Transformer,0.005028101,Low,Sudden Load Variation caused by irregular demand pattern,Stable condition — continue routine monitoring
26,Distribution Transformer,0.005003742,Low,Electrical Stress caused by high current flow,Stable condition — continue routine monitoring
9,Distribution Transformer,0.0049999356,Low,General Degradation Risk based on combined operating conditions,Stable condition — continue routine monitoring
22,Distribution Transformer,0.004998586,Low,General Degradation Risk based on combined operating conditions,Stable condition — continue routine monitoring
19,Distribution Transformer,0.004964527,Low,General Degradation Risk based on combined operating conditions,Stable condition — continue routine monitoring
6,Distribution Transformer,0.0049553164,Low,Electrical Stress caused by high current flow,Stable condition — continue routine monitoring
43,Distribution Transformer,0.004954625,Low,Voltage Instability caused by abnormal voltage fluctuation,Stable condition — continue routine monitoring
10,Distribution Transformer,0.004940001,Low,General Degradation Risk based on combined operating conditions,Stable condition — continue routine monitoring
22,Distribution Transformer,0.0049295323,Low,Voltage Instability caused by abnormal voltage fluctuation,Stable condition — continue routine monitoring
45,Distribution Transformer,0.004888773,Low,General Degradation Risk based on combined operating conditions,Stable condition — continue routine monitoring
27,Distribution Transformer,0.004865438,Low,General Degradation Risk based on combined operating conditions,Stable condition — continue routine monitoring
31,Distribution Transformer,0.004845145,Low,General Degradation Risk based on combined operating conditions,Stable condition — continue routine monitoring
22,Distribution Transformer,0.004839725,Low,Voltage Instability caused by abnormal voltage fluctuation,Stable condition — continue routine monitoring
2,Distribution Transformer,0.0048276824,Low,General Degradation Risk based on combined operating conditions,Stable condition — continue routine monitoring
30,Distribution Transformer,0.004811273,Low,Electrical Stress caused by high current flow,Stable condition — continue routine monitoring
39,Distribution Transformer,0.004799536,Low,Voltage Instability caused by abnormal voltage fluctuation,Stable condition — continue routine monitoring
31,Distribution Transformer,0.0047728885,Low,General Degradation Risk based on combined operating conditions,Stable condition — continue routine monitoring
38,Distribution Transformer,0.004760255,Low,General Degradation Risk based on combined operating conditions,Stable condition — continue routine monitoring
42,Distribution Transformer,0.0047034747,Low,Sudden Load Variation caused by irregular demand pattern,Stable condition — continue routine monitoring
9,Distribution Transformer,0.0046941997,Low,General Degradation Risk based on combined operating conditions,Stable condition — continue routine monitoring
42,Distribution Transformer,0.004674369,Low,Voltage Instability caused by abnormal voltage fluctuation,Stable condition — continue routine monitoring
15,Distribution Transformer,0.004652974,Low,Voltage Instability caused by abnormal voltage fluctuation,Stable condition — continue routine monitoring
38,Distribution Transformer,0.0045926077,Low,Electrical Stress caused by high current flow,Stable condition — continue routine monitoring
12,Distribution Transformer,0.0045857965,Low,Sudden Load Variation caused by irregular demand pattern,Stable condition — continue routine monitoring
7,Distribution Transformer,0.00450208,Low,Electrical Stress caused by high current flow,Stable condition — continue routine monitoring
1,Distribution Transformer,0.0044931085,Low,Voltage Instability caused by abnormal voltage fluctuation,Stable condition — continue routine monitoring
49,Distribution Transformer,0.0044660154,Low,Sudden Load Variation caused by irregular demand pattern,Stable condition — continue routine monitoring
37,Distribution Transformer,0.0044626817,Low,General Degradation Risk based on combined operating conditions,Stable condition — continue routine monitoring
49,Distribution Transformer,0.004436334,Low,General Degradation Risk based on combined operating conditions,Stable condition — continue routine monitoring
17,Distribution Transformer,0.0044207033,Low,General Degradation Risk based on combined operating conditions,Stable condition — continue routine monitoring
38,Distribution Transformer,0.004393826,Low,General Degradation Risk based on combined operating conditions,Stable condition — continue routine monitoring
38,Distribution Transformer,0.004379814,Low,Sudden Load Variation caused by irregular demand pattern,Stable condition — continue routine monitoring
16,Distribution Transformer,0.0043234336,Low,General Degradation Risk based on combined operating conditions,Stable condition — continue routine monitoring
32,Distribution Transformer,0.0043216953,Low,General Degradation Risk based on combined operating conditions,Stable condition — continue routine monitoring
21,Distribution Transformer,0.0043204688,Low,Sudden Load Variation caused by irregular demand pattern,Stable condition — continue routine monitoring
22,Distribution Transformer,0.004317399,Low,Sudden Load Variation caused by irregular demand pattern,Stable condition — continue routine monitoring
29,Distribution Transformer,0.0042943447,Low,General Degradation Risk based on combined operating conditions,Stable condition — continue routine monitoring
37,Distribution Transformer,0.0042779385,Low,General Degradation Risk based on combined operating conditions,Stable condition — continue routine monitoring
43,Distribution Transformer,0.004268901,Low,Electrical Stress caused by high current flow,Stable condition — continue routine monitoring
44,Distribution Transformer,0.0042479015,Low,General Degradation Risk based on combined operating conditions,Stable condition — continue routine monitoring
29,Distribution Transformer,0.00424114,Low,General Degradation Risk based on combined operating conditions,Stable condition — continue routine monitoring
25,Distribution Transformer,0.004171775,Low,General Degradation Risk based on combined operating conditions,Stable condition — continue routine monitoring
1,Distribution Transformer,0.0041641397,Low,General Degradation Risk based on combined operating conditions,Stable condition — continue routine monitoring
17,Distribution Transformer,0.0041171317,Low,General Degradation Risk based on combined operating conditions,Stable condition — continue routine monitoring
41,Distribution Transformer,0.004106734,Low,General Degradation Risk based on combined operating conditions,Stable condition — continue routine monitoring
24,Distribution Transformer,0.0040951287,Low,Electrical Stress caused by high current flow,Stable condition — continue routine monitoring
35,Distribution Transformer,0.0040541915,Low,Electrical Stress caused by high current flow,Stable condition — continue routine monitoring
46,Distribution Transformer,0.0040328456,Low,Voltage Instability caused by abnormal voltage fluctuation,Stable condition — continue routine monitoring
43,Distribution Transformer,0.004028793,Low,Sudden Load Variation caused by irregular demand pattern,Stable condition — continue routine monitoring
30,Distribution Transformer,0.0040261783,Low,Electrical Stress caused by high current flow,Stable condition — continue routine monitoring
10,Distribution Transformer,0.0039939187,Low,General Degradation Risk based on combined operating conditions,Stable condition — continue routine monitoring
37,Distribution Transformer,0.003980812,Low,General Degradation Risk based on combined operating conditions,Stable condition — continue routine monitoring
25,Distribution Transformer,0.003966855,Low,General Degradation Risk based on combined operating conditions,Stable condition — continue routine monitoring
29,Distribution Transformer,0.0039594183,Low,Sudden Load Variation caused by irregular demand pattern,Stable condition — continue routine monitoring
28,Distribution Transformer,0.0039469963,Low,General Degradation Risk based on combined operating conditions,Stable condition — continue routine monitoring
47,Distribution Transformer,0.003937518,Low,General Degradation Risk based on combined operating conditions,Stable condition — continue routine monitoring
16,Distribution Transformer,0.0039339983,Low,General Degradation Risk based on combined operating conditions,Stable condition — continue routine monitoring
28,Distribution Transformer,0.003926643,Low,Sudden Load Variation caused by irregular demand pattern,Stable condition — continue routine monitoring
5,Distribution Transformer,0.0039067194,Low,General Degradation Risk based on combined operating conditions,Stable condition — continue routine monitoring
45,Distribution Transformer,0.0039054446,Low,General Degradation Risk based on combined operating conditions,Stable condition — continue routine monitoring
29,Distribution Transformer,0.0038826577,Low,General Degradation Risk based on combined operating conditions,Stable condition — continue routine monitoring
13,Distribution Transformer,0.003879452,Low,General Degradation Risk based on combined operating conditions,Stable condition — continue routine monitoring
14,Distribution Transformer,0.0038613256,Low,Sudden Load Variation caused by irregular demand pattern,Stable condition — continue routine monitoring
35,Distribution Transformer,0.0038467678,Low,Electrical Stress caused by high current flow,Stable condition — continue routine monitoring
25,Distribution Transformer,0.0038410034,Low,General Degradation Risk based on combined operating conditions,Stable condition — continue routine monitoring
21,Distribution Transformer,0.0038046371,Low,General Degradation Risk based on combined operating conditions,Stable condition — continue routine monitoring
10,Distribution Transformer,0.003794989,Low,Electrical Stress caused by high current flow,Stable condition — continue routine monitoring
4,Distribution Transformer,0.003775367,Low,General Degradation Risk based on combined operating conditions,Stable condition — continue routine monitoring
32,Distribution Transformer,0.003765795,Low,General Degradation Risk based on combined operating conditions,Stable condition — continue routine monitoring
40,Distribution Transformer,0.0037592226,Low,General Degradation Risk based on combined operating conditions,Stable condition — continue routine monitoring
11,Distribution Transformer,0.003738703,Low,Electrical Stress caused by high current flow,Stable condition — continue routine monitoring
46,Distribution Transformer,0.0037330554,Low,Thermal Overload caused by excessive load and temperature stress,Stable condition — continue routine monitoring
34,Distribution Transformer,0.0037235762,Low,Sudden Load Variation caused by irregular demand pattern,Stable condition — continue routine monitoring
33,Distribution Transformer,0.0036838483,Low,Voltage Instability caused by abnormal voltage fluctuation,Stable condition — continue routine monitoring
3,Distribution Transformer,0.0036709355,Low,General Degradation Risk based on combined operating conditions,Stable condition — continue routine monitoring
23,Distribution Transformer,0.0036573715,Low,General Degradation Risk based on combined operating conditions,Stable condition — continue routine monitoring
4,Distribution Transformer,0.0036319036,Low,General Degradation Risk based on combined operating conditions,Stable condition — continue routine monitoring
23,Distribution Transformer,0.00361405,Low,General Degradation Risk based on combined operating conditions,Stable condition — continue routine monitoring
7,Distribution Transformer,0.0035950134,Low,General Degradation Risk based on combined operating conditions,Stable condition — continue routine monitoring
11,Distribution Transformer,0.0035793672,Low,General Degradation Risk based on combined operating conditions,Stable condition — continue routine monitoring
4,Distribution Transformer,0.0035667652,Low,Electrical Stress caused by high current flow,Stable condition — continue routine monitoring
3,Distribution Transformer,0.0035562753,Low,General Degradation Risk based on combined operating conditions,Stable condition — continue routine monitoring
1,Distribution Transformer,0.0035514222,Low,General Degradation Risk based on combined operating conditions,Stable condition — continue routine monitoring
20,Distribution Transformer,0.003531195,Low,General Degradation Risk based on combined operating conditions,Stable condition — continue routine monitoring
44,Distribution Transformer,0.0035216343,Low,General Degradation Risk based on combined operating conditions,Stable condition — continue routine monitoring
21,Distribution Transformer,0.0035091413,Low,Sudden Load Variation caused by irregular demand pattern,Stable condition — continue routine monitoring
32,Distribution Transformer,0.0034949637,Low,General Degradation Risk based on combined operating conditions,Stable condition — continue routine monitoring
49,Distribution Transformer,0.003489189,Low,Sudden Load Variation caused by irregular demand pattern,Stable condition — continue routine monitoring
14,Distribution Transformer,0.0034869101,Low,Electrical Stress caused by high current flow,Stable condition — continue routine monitoring
25,Distribution Transformer,0.0034796803,Low,Voltage Instability caused by abnormal voltage fluctuation,Stable condition — continue routine monitoring
28,Distribution Transformer,0.0034154153,Low,Sudden Load Variation caused by irregular demand pattern,Stable condition — continue routine monitoring
48,Distribution Transformer,0.0034151184,Low,General Degradation Risk based on combined operating conditions,Stable condition — continue routine monitoring
8,Distribution Transformer,0.0034103405,Low,General Degradation Risk based on combined operating conditions,Stable condition — continue routine monitoring
14,Distribution Transformer,0.0034037738,Low,Voltage Instability caused by abnormal voltage fluctuation,Stable condition — continue routine monitoring
24,Distribution Transformer,0.003399889,Low,Voltage Instability caused by abnormal voltage fluctuation,Stable condition — continue routine monitoring
49,Distribution Transformer,0.0033981898,Low,General Degradation Risk based on combined operating conditions,Stable condition — continue routine monitoring
8,Distribution Transformer,0.0033814218,Low,Sudden Load Variation caused by irregular demand pattern,Stable condition — continue routine monitoring
12,Distribution Transformer,0.0033688545,Low,Electrical Stress caused by high current flow,Stable condition — continue routine monitoring
3,Distribution Transformer,0.0033536206,Low,Electrical Stress caused by high current flow,Stable condition — continue routine monitoring
42,Distribution Transformer,0.0033528048,Low,Electrical Stress caused by high current flow,Stable condition — continue routine monitoring
20,Distribution Transformer,0.0033470113,Low,Electrical Stress caused by high current flow,Stable condition — continue routine monitoring
34,Distribution Transformer,0.0033067553,Low,Sudden Load Variation caused by irregular demand pattern,Stable condition — continue routine monitoring
42,Distribution Transformer,0.0032977075,Low,General Degradation Risk based on combined operating conditions,Stable condition — continue routine monitoring
37,Distribution Transformer,0.003285916,Low,Voltage Instability caused by abnormal voltage fluctuation,Stable condition — continue routine monitoring
27,Distribution Transformer,0.0032858318,Low,General Degradation Risk based on combined operating conditions,Stable condition — continue routine monitoring
28,Distribution Transformer,0.003274484,Low,General Degradation Risk based on combined operating conditions,Stable condition — continue routine monitoring
13,Distribution Transformer,0.0032733935,Low,Voltage Instability caused by abnormal voltage fluctuation,Stable condition — continue routine monitoring
4,Distribution Transformer,0.0032614078,Low,General Degradation Risk based on combined operating conditions,Stable condition — continue routine monitoring
35,Distribution Transformer,0.0032483912,Low,General Degradation Risk based on combined operating conditions,Stable condition — continue routine monitoring
8,Distribution Transformer,0.0032458294,Low,Voltage Instability caused by abnormal voltage fluctuation,Stable condition — continue routine monitoring
34,Distribution Transformer,0.0032147923,Low,Voltage Instability caused by abnormal voltage fluctuation,Stable condition — continue routine monitoring
9,Distribution Transformer,0.0031805027,Low,General Degradation Risk based on combined operating conditions,Stable condition — continue routine monitoring
31,Distribution Transformer,0.003175602,Low,General Degradation Risk based on combined operating conditions,Stable condition — continue routine monitoring
27,Distribution Transformer,0.0031717601,Low,General Degradation Risk based on combined operating conditions,Stable condition — continue routine monitoring
17,Distribution Transformer,0.0031561973,Low,General Degradation Risk based on combined operating conditions,Stable condition — continue routine monitoring
25,Distribution Transformer,0.0031508864,Low,General Degradation Risk based on combined operating conditions,Stable condition — continue routine monitoring
35,Distribution Transformer,0.003150858,Low,General Degradation Risk based on combined operating conditions,Stable condition — continue routine monitoring
34,Distribution Transformer,0.003126865,Low,Sudden Load Variation caused by irregular demand pattern,Stable condition — continue routine monitoring
1,Distribution Transformer,0.0031160777,Low,General Degradation Risk based on combined operating conditions,Stable condition — continue routine monitoring
8,Distribution Transformer,0.0031107112,Low,Sudden Load Variation caused by irregular demand pattern,Stable condition — continue routine monitoring
48,Distribution Transformer,0.0031092907,Low,General Degradation Risk based on combined operating conditions,Stable condition — continue routine monitoring
6,Distribution Transformer,0.0030951619,Low,Electrical Stress caused by high current flow,Stable condition — continue routine monitoring
5,Distribution Transformer,0.0030576407,Low,General Degradation Risk based on combined operating conditions,Stable condition — continue routine monitoring
22,Distribution Transformer,0.0030324864,Low,General Degradation Risk based on combined operating conditions,Stable condition — continue routine monitoring
44,Distribution Transformer,0.00302447,Low,General Degradation Risk based on combined operating conditions,Stable condition — continue routine monitoring
34,Distribution Transformer,0.0030221262,Low,General Degradation Risk based on combined operating conditions,Stable condition — continue routine monitoring
25,Distribution Transformer,0.003006572,Low,General Degradation Risk based on combined operating conditions,Stable condition — continue routine monitoring
24,Distribution Transformer,0.002958042,Low,Sudden Load Variation caused by irregular demand pattern,Stable condition — continue routine monitoring
39,Distribution Transformer,0.002950971,Low,General Degradation Risk based on combined operating conditions,Stable condition — continue routine monitoring
6,Distribution Transformer,0.002947666,Low,Voltage Instability caused by abnormal voltage fluctuation,Stable condition — continue routine monitoring
16,Distribution Transformer,0.002937625,Low,Voltage Instability caused by abnormal voltage fluctuation,Stable condition — continue routine monitoring
26,Distribution Transformer,0.0029353607,Low,General Degradation Risk based on combined operating conditions,Stable condition — continue routine monitoring
2,Distribution Transformer,0.002934444,Low,Electrical Stress caused by high current flow,Stable condition — continue routine monitoring
26,Distribution Transformer,0.0028858285,Low,Sudden Load Variation caused by irregular demand pattern,Stable condition — continue routine monitoring
49,Distribution Transformer,0.002815779,Low,Electrical Stress caused by high current flow,Stable condition — continue routine monitoring
19,Distribution Transformer,0.0028048628,Low,Sudden Load Variation caused by irregular demand pattern,Stable condition — continue routine monitoring
22,Distribution Transformer,0.0027976392,Low,General Degradation Risk based on combined operating conditions,Stable condition — continue routine monitoring
40,Distribution Transformer,0.0027975102,Low,General Degradation Risk based on combined operating conditions,Stable condition — continue routine monitoring
1,Distribution Transformer,0.0027593118,Low,General Degradation Risk based on combined operating conditions,Stable condition — continue routine monitoring
31,Distribution Transformer,0.0027564804,Low,General Degradation Risk based on combined operating conditions,Stable condition — continue routine monitoring
1,Distribution Transformer,0.0027400504,Low,Sudden Load Variation caused by irregular demand pattern,Stable condition — continue routine monitoring
23,Distribution Transformer,0.0027391827,Low,General Degradation Risk based on combined operating conditions,Stable condition — continue routine monitoring
48,Distribution Transformer,0.0027016967,Low,General Degradation Risk based on combined operating conditions,Stable condition — continue routine monitoring
9,Distribution Transformer,0.0027004262,Low,Voltage Instability caused by abnormal voltage fluctuation,Stable condition — continue routine monitoring
47,Distribution Transformer,0.0026811757,Low,Sudden Load Variation caused by irregular demand pattern,Stable condition — continue routine monitoring
11,Distribution Transformer,0.0026777885,Low,Voltage Instability caused by abnormal voltage fluctuation,Stable condition — continue routine monitoring
29,Distribution Transformer,0.002655804,Low,Sudden Load Variation caused by irregular demand pattern,Stable condition — continue routine monitoring
22,Distribution Transformer,0.0026431119,Low,General Degradation Risk based on combined operating conditions,Stable condition — continue routine monitoring
34,Distribution Transformer,0.0026403228,Low,General Degradation Risk based on combined operating conditions,Stable condition — continue routine monitoring
26,Distribution Transformer,0.002632584,Low,Electrical Stress caused by high current flow,Stable condition — continue routine monitoring
21,Distribution Transformer,0.0026236887,Low,General Degradation Risk based on combined operating conditions,Stable condition — continue routine monitoring
16,Distribution Transformer,0.0026205187,Low,Sudden Load Variation caused by irregular demand pattern,Stable condition — continue routine monitoring
44,Distribution Transformer,0.0025901133,Low,General Degradation Risk based on combined operating conditions,Stable condition — continue routine monitoring
46,Distribution Transformer,0.002585868,Low,Voltage Instability caused by abnormal voltage fluctuation,Stable condition — continue routine monitoring
11,Distribution Transformer,0.002576011,Low,General Degradation Risk based on combined operating conditions,Stable condition — continue routine monitoring
25,Distribution Transformer,0.002549514,Low,General Degradation Risk based on combined operating conditions,Stable condition — continue routine monitoring
37,Distribution Transformer,0.0025300365,Low,Sudden Load Variation caused by irregular demand pattern,Stable condition — continue routine monitoring
3,Distribution Transformer,0.0025211207,Low,General Degradation Risk based on combined operating conditions,Stable condition — continue routine monitoring
32,Distribution Transformer,0.0025156622,Low,Sudden Load Variation caused by irregular demand pattern,Stable condition — continue routine monitoring
32,Distribution Transformer,0.0024896327,Low,Electrical Stress caused by high current flow,Stable condition — continue routine monitoring
3,Distribution Transformer,0.0024880806,Low,General Degradation Risk based on combined operating conditions,Stable condition — continue routine monitoring
17,Distribution Transformer,0.002482651,Low,Voltage Instability caused by abnormal voltage fluctuation,Stable condition — continue routine monitoring
34,Distribution Transformer,0.0024790661,Low,General Degradation Risk based on combined operating conditions,Stable condition — continue routine monitoring
4,Distribution Transformer,0.0024648788,Low,General Degradation Risk based on combined operating conditions,Stable condition — continue routine monitoring
34,Distribution Transformer,0.0024526874,Low,Sudden Load Variation caused by irregular demand pattern,Stable condition — continue routine monitoring
29,Distribution Transformer,0.0024465781,Low,Sudden Load Variation caused by irregular demand pattern,Stable condition — continue routine monitoring
13,Distribution Transformer,0.002428368,Low,Sudden Load Variation caused by irregular demand pattern,Stable condition — continue routine monitoring
33,Distribution Transformer,0.0024180952,Low,General Degradation Risk based on combined operating conditions,Stable condition — continue routine monitoring
19,Distribution Transformer,0.0024111783,Low,General Degradation Risk based on combined operating conditions,Stable condition — continue routine monitoring
9,Distribution Transformer,0.0023681407,Low,General Degradation Risk based on combined operating conditions,Stable condition — continue routine monitoring
27,Distribution Transformer,0.0023549832,Low,General Degradation Risk based on combined operating conditions,Stable condition — continue routine monitoring
31,Distribution Transformer,0.0023461953,Low,General Degradation Risk based on combined operating conditions,Stable condition — continue routine monitoring
33,Distribution Transformer,0.00234151,Low,General Degradation Risk based on combined operating conditions,Stable condition — continue routine monitoring
19,Distribution Transformer,0.0023363114,Low,General Degradation Risk based on combined operating conditions,Stable condition — continue routine monitoring
25,Distribution Transformer,0.0023170842,Low,General Degradation Risk based on combined operating conditions,Stable condition — continue routine monitoring
46,Distribution Transformer,0.0023154237,Low,General Degradation Risk based on combined operating conditions,Stable condition — continue routine monitoring
45,Distribution Transformer,0.0023091687,Low,Voltage Instability caused by abnormal voltage fluctuation,Stable condition — continue routine monitoring
3,Distribution Transformer,0.0023073163,Low,General Degradation Risk based on combined operating conditions,Stable condition — continue routine monitoring
14,Distribution Transformer,0.0023061035,Low,General Degradation Risk based on combined operating conditions,Stable condition — continue routine monitoring
49,Distribution Transformer,0.002298745,Low,Electrical Stress caused by high current flow,Stable condition — continue routine monitoring
20,Distribution Transformer,0.0022714615,Low,General Degradation Risk based on combined operating conditions,Stable condition — continue routine monitoring
2,Distribution Transformer,0.0022536446,Low,General Degradation Risk based on combined operating conditions,Stable condition — continue routine monitoring
13,Distribution Transformer,0.002240364,Low,Electrical Stress caused by high current flow,Stable condition — continue routine monitoring
15,Distribution Transformer,0.0022347132,Low,General Degradation Risk based on combined operating conditions,Stable condition — continue routine monitoring
44,Distribution Transformer,0.002209999,Low,General Degradation Risk based on combined operating conditions,Stable condition — continue routine monitoring
37,Distribution Transformer,0.00219164,Low,Sudden Load Variation caused by irregular demand pattern,Stable condition — continue routine monitoring
17,Distribution Transformer,0.0021523477,Low,Sudden Load Variation caused by irregular demand pattern,Stable condition — continue routine monitoring
48,Distribution Transformer,0.0021482704,Low,General Degradation Risk based on combined operating conditions,Stable condition — continue routine monitoring
40,Distribution Transformer,0.0021446764,Low,General Degradation Risk based on combined operating conditions,Stable condition — continue routine monitoring
46,Distribution Transformer,0.0020878143,Low,General Degradation Risk based on combined operating conditions,Stable condition — continue routine monitoring
23,Distribution Transformer,0.0020631107,Low,General Degradation Risk based on combined operating conditions,Stable condition — continue routine monitoring
18,Distribution Transformer,0.002059849,Low,General Degradation Risk based on combined operating conditions,Stable condition — continue routine monitoring
40,Distribution Transformer,0.002054421,Low,General Degradation Risk based on combined operating conditions,Stable condition — continue routine monitoring
28,Distribution Transformer,0.0020313757,Low,Sudden Load Variation caused by irregular demand pattern,Stable condition — continue routine monitoring
6,Distribution Transformer,0.0020246713,Low,Voltage Instability caused by abnormal voltage fluctuation,Stable condition — continue routine monitoring
37,Distribution Transformer,0.0020081897,Low,General Degradation Risk based on combined operating conditions,Stable condition — continue routine monitoring
8,Distribution Transformer,0.0019905346,Low,Voltage Instability caused by abnormal voltage fluctuation,Stable condition — continue routine monitoring
40,Distribution Transformer,0.0019847646,Low,Voltage Instability caused by abnormal voltage fluctuation,Stable condition — continue routine monitoring
48,Distribution Transformer,0.001980203,Low,Sudden Load Variation caused by irregular demand pattern,Stable condition — continue routine monitoring
44,Distribution Transformer,0.001979064,Low,Voltage Instability caused by abnormal voltage fluctuation,Stable condition — continue routine monitoring
8,Distribution Transformer,0.0019758681,Low,General Degradation Risk based on combined operating conditions,Stable condition — continue routine monitoring
11,Distribution Transformer,0.0019636939,Low,General Degradation Risk based on combined operating conditions,Stable condition — continue routine monitoring
3,Distribution Transformer,0.0019612461,Low,Electrical Stress caused by high current flow,Stable condition — continue routine monitoring
23,Distribution Transformer,0.0019574948,Low,General Degradation Risk based on combined operating conditions,Stable condition — continue routine monitoring
41,Distribution Transformer,0.0019477394,Low,Sudden Load Variation caused by irregular demand pattern,Stable condition — continue routine monitoring
4,Distribution Transformer,0.0019326095,Low,General Degradation Risk based on combined operating conditions,Stable condition — continue routine monitoring
12,Distribution Transformer,0.0019212618,Low,General Degradation Risk based on combined operating conditions,Stable condition — continue routine monitoring
21,Distribution Transformer,0.0019148398,Low,Sudden Load Variation caused by irregular demand pattern,Stable condition — continue routine monitoring
26,Distribution Transformer,0.0019143343,Low,Electrical Stress caused by high current flow,Stable condition — continue routine monitoring
8,Distribution Transformer,0.0019083676,Low,General Degradation Risk based on combined operating conditions,Stable condition — continue routine monitoring
4,Distribution Transformer,0.0019055406,Low,General Degradation Risk based on combined operating conditions,Stable condition — continue routine monitoring
39,Distribution Transformer,0.0019048833,Low,Voltage Instability caused by abnormal voltage fluctuation,Stable condition — continue routine monitoring
23,Distribution Transformer,0.0018897653,Low,Voltage Instability caused by abnormal voltage fluctuation,Stable condition — continue routine monitoring
13,Distribution Transformer,0.0018785006,Low,Sudden Load Variation caused by irregular demand pattern,Stable condition — continue routine monitoring
8,Distribution Transformer,0.0018730466,Low,General Degradation Risk based on combined operating conditions,Stable condition — continue routine monitoring
22,Distribution Transformer,0.0018621864,Low,General Degradation Risk based on combined operating conditions,Stable condition — continue routine monitoring
20,Distribution Transformer,0.0018525841,Low,Electrical Stress caused by high current flow,Stable condition — continue routine monitoring
23,Distribution Transformer,0.0018403374,Low,General Degradation Risk based on combined operating conditions,Stable condition — continue routine monitoring
39,Distribution Transformer,0.0018396606,Low,Voltage Instability caused by abnormal voltage fluctuation,Stable condition — continue routine monitoring
46,Distribution Transformer,0.0018217127,Low,General Degradation Risk based on combined operating conditions,Stable condition — continue routine monitoring
15,Distribution Transformer,0.001814786,Low,Voltage Instability caused by abnormal voltage fluctuation,Stable condition — continue routine monitoring
25,Distribution Transformer,0.001794787,Low,General Degradation Risk based on combined operating conditions,Stable condition — continue routine monitoring
15,Distribution Transformer,0.0017828505,Low,Voltage Instability caused by abnormal voltage fluctuation,Stable condition — continue routine monitoring
40,Distribution Transformer,0.001776115,Low,Voltage Instability caused by abnormal voltage fluctuation,Stable condition — continue routine monitoring
15,Distribution Transformer,0.0017741735,Low,Electrical Stress caused by high current flow,Stable condition — continue routine monitoring
10,Distribution Transformer,0.0017599761,Low,General Degradation Risk based on combined operating conditions,Stable condition — continue routine monitoring
35,Distribution Transformer,0.001744559,Low,Voltage Instability caused by abnormal voltage fluctuation,Stable condition — continue routine monitoring
18,Distribution Transformer,0.0017431272,Low,Voltage Instability caused by abnormal voltage fluctuation,Stable condition — continue routine monitoring
27,Distribution Transformer,0.0017413815,Low,General Degradation Risk based on combined operating conditions,Stable condition — continue routine monitoring
13,Distribution Transformer,0.0017292603,Low,General Degradation Risk based on combined operating conditions,Stable condition — continue routine monitoring
26,Distribution Transformer,0.001728476,Low,General Degradation Risk based on combined operating conditions,Stable condition — continue routine monitoring
26,Distribution Transformer,0.0017157814,Low,Electrical Stress caused by high current flow,Stable condition — continue routine monitoring
27,Distribution Transformer,0.0016915108,Low,General Degradation Risk based on combined operating conditions,Stable condition — continue routine monitoring
49,Distribution Transformer,0.0016862056,Low,Sudden Load Variation caused by irregular demand pattern,Stable condition — continue routine monitoring
38,Distribution Transformer,0.0016797115,Low,Voltage Instability caused by abnormal voltage fluctuation,Stable condition — continue routine monitoring
40,Distribution Transformer,0.0016617688,Low,Sudden Load Variation caused by irregular demand pattern,Stable condition — continue routine monitoring
35,Distribution Transformer,0.0016502228,Low,General Degradation Risk based on combined operating conditions,Stable condition — continue routine monitoring
23,Distribution Transformer,0.0016486353,Low,General Degradation Risk based on combined operating conditions,Stable condition — continue routine monitoring
13,Distribution Transformer,0.0016466994,Low,Sudden Load Variation caused by irregular demand pattern,Stable condition — continue routine monitoring
14,Distribution Transformer,0.0016278435,Low,Electrical Stress caused by high current flow,Stable condition — continue routine monitoring
34,Distribution Transformer,0.0016194254,Low,General Degradation Risk based on combined operating conditions,Stable condition — continue routine monitoring
8,Distribution Transformer,0.0016190244,Low,General Degradation Risk based on combined operating conditions,Stable condition — continue routine monitoring
6,Distribution Transformer,0.0016186668,Low,Sudden Load Variation caused by irregular demand pattern,Stable condition — continue routine monitoring
33,Distribution Transformer,0.001611797,Low,Voltage Instability caused by abnormal voltage fluctuation,Stable condition — continue routine monitoring
14,Distribution Transformer,0.0016050853,Low,General Degradation Risk based on combined operating conditions,Stable condition — continue routine monitoring
36,Distribution Transformer,0.0016009544,Low,Voltage Instability caused by abnormal voltage fluctuation,Stable condition — continue routine monitoring
48,Distribution Transformer,0.0015935457,Low,General Degradation Risk based on combined operating conditions,Stable condition — continue routine monitoring
18,Distribution Transformer,0.0015886101,Low,General Degradation Risk based on combined operating conditions,Stable condition — continue routine monitoring
40,Distribution Transformer,0.0015699593,Low,General Degradation Risk based on combined operating conditions,Stable condition — continue routine monitoring
20,Distribution Transformer,0.0015676895,Low,General Degradation Risk based on combined operating conditions,Stable condition — continue routine monitoring
37,Distribution Transformer,0.0015611419,Low,General Degradation Risk based on combined operating conditions,Stable condition — continue routine monitoring
31,Distribution Transformer,0.0015601085,Low,Voltage Instability caused by abnormal voltage fluctuation,Stable condition — continue routine monitoring
29,Distribution Transformer,0.0015492648,Low,General Degradation Risk based on combined operating conditions,Stable condition — continue routine monitoring
15,Distribution Transformer,0.0015440028,Low,General Degradation Risk based on combined operating conditions,Stable condition — continue routine monitoring
40,Distribution Transformer,0.0015432672,Low,General Degradation Risk based on combined operating conditions,Stable condition — continue routine monitoring
11,Distribution Transformer,0.0015412553,Low,General Degradation Risk based on combined operating conditions,Stable condition — continue routine monitoring
29,Distribution Transformer,0.0015366181,Low,Electrical Stress caused by high current flow,Stable condition — continue routine monitoring
14,Distribution Transformer,0.001530423,Low,Sudden Load Variation caused by irregular demand pattern,Stable condition — continue routine monitoring
32,Distribution Transformer,0.0015252308,Low,Voltage Instability caused by abnormal voltage fluctuation,Stable condition — continue routine monitoring
18,Distribution Transformer,0.0015146703,Low,Sudden Load Variation caused by irregular demand pattern,Stable condition — continue routine monitoring
42,Distribution Transformer,0.0015018929,Low,General Degradation Risk based on combined operating conditions,Stable condition — continue routine monitoring
11,Distribution Transformer,0.0014968086,Low,General Degradation Risk based on combined operating conditions,Stable condition — continue routine monitoring
10,Distribution Transformer,0.0014912566,Low,Electrical Stress caused by high current flow,Stable condition — continue routine monitoring
14,Distribution Transformer,0.0014829095,Low,General Degradation Risk based on combined operating conditions,Stable condition — continue routine monitoring
10,Distribution Transformer,0.0014811857,Low,General Degradation Risk based on combined operating conditions,Stable condition — continue routine monitoring
30,Distribution Transformer,0.001466679,Low,Voltage Instability caused by abnormal voltage fluctuation,Stable condition — continue routine monitoring
6,Distribution Transformer,0.0014624164,Low,Electrical Stress caused by high current flow,Stable condition — continue routine monitoring
9,Distribution Transformer,0.0014559382,Low,Sudden Load Variation caused by irregular demand pattern,Stable condition — continue routine monitoring
35,Distribution Transformer,0.0014475404,Low,Voltage Instability caused by abnormal voltage fluctuation,Stable condition — continue routine monitoring
4,Distribution Transformer,0.0014415728,Low,General Degradation Risk based on combined operating conditions,Stable condition — continue routine monitoring
23,Distribution Transformer,0.0014342935,Low,Voltage Instability caused by abnormal voltage fluctuation,Stable condition — continue routine monitoring
44,Distribution Transformer,0.0014169653,Low,General Degradation Risk based on combined operating conditions,Stable condition — continue routine monitoring
40,Distribution Transformer,0.0014167096,Low,General Degradation Risk based on combined operating conditions,Stable condition — continue routine monitoring
42,Distribution Transformer,0.0014147479,Low,Voltage Instability caused by abnormal voltage fluctuation,Stable condition — continue routine monitoring
47,Distribution Transformer,0.0014096743,Low,Sudden Load Variation caused by irregular demand pattern,Stable condition — continue routine monitoring
2,Distribution Transformer,0.0014093596,Low,General Degradation Risk based on combined operating conditions,Stable condition — continue routine monitoring
22,Distribution Transformer,0.0014021464,Low,General Degradation Risk based on combined operating conditions,Stable condition — continue routine monitoring
6,Distribution Transformer,0.0013920227,Low,Voltage Instability caused by abnormal voltage fluctuation,Stable condition — continue routine monitoring
49,Distribution Transformer,0.0013917456,Low,General Degradation Risk based on combined operating conditions,Stable condition — continue routine monitoring
5,Distribution Transformer,0.0013892581,Low,General Degradation Risk based on combined operating conditions,Stable condition — continue routine monitoring
13,Distribution Transformer,0.0013720231,Low,General Degradation Risk based on combined operating conditions,Stable condition — continue routine monitoring
20,Distribution Transformer,0.0013639098,Low,General Degradation Risk based on combined operating conditions,Stable condition — continue routine monitoring
29,Distribution Transformer,0.0013587504,Low,Voltage Instability caused by abnormal voltage fluctuation,Stable condition — continue routine monitoring
1,Distribution Transformer,0.0013447213,Low,General Degradation Risk based on combined operating conditions,Stable condition — continue routine monitoring
38,Distribution Transformer,0.001339792,Low,General Degradation Risk based on combined operating conditions,Stable condition — continue routine monitoring
48,Distribution Transformer,0.0013275987,Low,Voltage Instability caused by abnormal voltage fluctuation,Stable condition — continue routine monitoring
35,Distribution Transformer,0.0013220041,Low,General Degradation Risk based on combined operating conditions,Stable condition — continue routine monitoring
4,Distribution Transformer,0.0013199326,Low,General Degradation Risk based on combined operating conditions,Stable condition — continue routine monitoring
3,Distribution Transformer,0.0013141143,Low,Sudden Load Variation caused by irregular demand pattern,Stable condition — continue routine monitoring
47,Distribution Transformer,0.0012822235,Low,Sudden Load Variation caused by irregular demand pattern,Stable condition — continue routine monitoring
47,Distribution Transformer,0.0012805302,Low,Voltage Instability caused by abnormal voltage fluctuation,Stable condition — continue routine monitoring
6,Distribution Transformer,0.0012733066,Low,General Degradation Risk based on combined operating conditions,Stable condition — continue routine monitoring
9,Distribution Transformer,0.0012692587,Low,General Degradation Risk based on combined operating conditions,Stable condition — continue routine monitoring
25,Distribution Transformer,0.0012403865,Low,General Degradation Risk based on combined operating conditions,Stable condition — continue routine monitoring
2,Distribution Transformer,0.0012308682,Low,Sudden Load Variation caused by irregular demand pattern,Stable condition — continue routine monitoring
36,Distribution Transformer,0.0012287293,Low,General Degradation Risk based on combined operating conditions,Stable condition — continue routine monitoring
2,Distribution Transformer,0.0012211913,Low,General Degradation Risk based on combined operating conditions,Stable condition — continue routine monitoring
49,Distribution Transformer,0.0012190493,Low,Sudden Load Variation caused by irregular demand pattern,Stable condition — continue routine monitoring
17,Distribution Transformer,0.0012177918,Low,Voltage Instability caused by abnormal voltage fluctuation,Stable condition — continue routine monitoring
2,Distribution Transformer,0.0012167223,Low,Sudden Load Variation caused by irregular demand pattern,Stable condition — continue routine monitoring
18,Distribution Transformer,0.0012106674,Low,General Degradation Risk based on combined operating conditions,Stable condition — continue routine monitoring
30,Distribution Transformer,0.0011932646,Low,General Degradation Risk based on combined operating conditions,Stable condition — continue routine monitoring
36,Distribution Transformer,0.00118432,Low,General Degradation Risk based on combined operating conditions,Stable condition — continue routine monitoring
22,Distribution Transformer,0.0011805564,Low,Electrical Stress caused by high current flow,Stable condition — continue routine monitoring
20,Distribution Transformer,0.0011710587,Low,General Degradation Risk based on combined operating conditions,Stable condition — continue routine monitoring
16,Distribution Transformer,0.0011605269,Low,General Degradation Risk based on combined operating conditions,Stable condition — continue routine monitoring
5,Distribution Transformer,0.0011531239,Low,General Degradation Risk based on combined operating conditions,Stable condition — continue routine monitoring
31,Distribution Transformer,0.0011320943,Low,Voltage Instability caused by abnormal voltage fluctuation,Stable condition — continue routine monitoring
47,Distribution Transformer,0.001132006,Low,General Degradation Risk based on combined operating conditions,Stable condition — continue routine monitoring
41,Distribution Transformer,0.0011301909,Low,General Degradation Risk based on combined operating conditions,Stable condition — continue routine monitoring
11,Distribution Transformer,0.0011289724,Low,Sudden Load Variation caused by irregular demand pattern,Stable condition — continue routine monitoring
37,Distribution Transformer,0.0011251448,Low,General Degradation Risk based on combined operating conditions,Stable condition — continue routine monitoring
17,Distribution Transformer,0.0011024757,Low,Voltage Instability caused by abnormal voltage fluctuation,Stable condition — continue routine monitoring
24,Distribution Transformer,0.0011019596,Low,Voltage Instability caused by abnormal voltage fluctuation,Stable condition — continue routine monitoring
31,Distribution Transformer,0.0010962668,Low,General Degradation Risk based on combined operating conditions,Stable condition — continue routine monitoring
15,Distribution Transformer,0.0010910055,Low,Sudden Load Variation caused by irregular demand pattern,Stable condition — continue routine monitoring
26,Distribution Transformer,0.0010902388,Low,Sudden Load Variation caused by irregular demand pattern,Stable condition — continue routine monitoring
29,Distribution Transformer,0.0010879304,Low,Sudden Load Variation caused by irregular demand pattern,Stable condition — continue routine monitoring
37,Distribution Transformer,0.0010707893,Low,General Degradation Risk based on combined operating conditions,Stable condition — continue routine monitoring
41,Distribution Transformer,0.0010680453,Low,General Degradation Risk based on combined operating conditions,Stable condition — continue routine monitoring
34,Distribution Transformer,0.0010641924,Low,General Degradation Risk based on combined operating conditions,Stable condition — continue routine monitoring
12,Distribution Transformer,0.0010516099,Low,Electrical Stress caused by high current flow,Stable condition — continue routine monitoring
2,Distribution Transformer,0.0010304006,Low,General Degradation Risk based on combined operating conditions,Stable condition — continue routine monitoring
27,Distribution Transformer,0.0010299516,Low,General Degradation Risk based on combined operating conditions,Stable condition — continue routine monitoring
45,Distribution Transformer,0.0010292061,Low,General Degradation Risk based on combined operating conditions,Stable condition — continue routine monitoring
49,Distribution Transformer,0.0010107221,Low,General Degradation Risk based on combined operating conditions,Stable condition — continue routine monitoring
32,Distribution Transformer,0.0010026371,Low,Sudden Load Variation caused by irregular demand pattern,Stable condition — continue routine monitoring
9,Distribution Transformer,0.000999716,Low,Electrical Stress caused by high current flow,Stable condition — continue routine monitoring
26,Distribution Transformer,0.0009875341,Low,General Degradation Risk based on combined operating conditions,Stable condition — continue routine monitoring
15,Distribution Transformer,0.0009853725,Low,General Degradation Risk based on combined operating conditions,Stable condition — continue routine monitoring
11,Distribution Transformer,0.0009792104,Low,General Degradation Risk based on combined operating conditions,Stable condition — continue routine monitoring
3,Distribution Transformer,0.00096899143,Low,General Degradation Risk based on combined operating conditions,Stable condition — continue routine monitoring
37,Distribution Transformer,0.00096865586,Low,Sudden Load Variation caused by irregular demand pattern,Stable condition — continue routine monitoring
23,Distribution Transformer,0.0009672283,Low,Sudden Load Variation caused by irregular demand pattern,Stable condition — continue routine monitoring
18,Distribution Transformer,0.0009635519,Low,Electrical Stress caused by high current flow,Stable condition — continue routine monitoring
32,Distribution Transformer,0.0009542206,Low,Sudden Load Variation caused by irregular demand pattern,Stable condition — continue routine monitoring
32,Distribution Transformer,0.00094191084,Low,Voltage Instability caused by abnormal voltage fluctuation,Stable condition — continue routine monitoring
9,Distribution Transformer,0.000941016,Low,General Degradation Risk based on combined operating conditions,Stable condition — continue routine monitoring
24,Distribution Transformer,0.0009398866,Low,General Degradation Risk based on combined operating conditions,Stable condition — continue routine monitoring
16,Distribution Transformer,0.00092871976,Low,General Degradation Risk based on combined operating conditions,Stable condition — continue routine monitoring
31,Distribution Transformer,0.0009170369,Low,Electrical Stress caused by high current flow,Stable condition — continue routine monitoring
25,Distribution Transformer,0.00091116276,Low,Voltage Instability caused by abnormal voltage fluctuation,Stable condition — continue routine monitoring
4,Distribution Transformer,0.00090141204,Low,General Degradation Risk based on combined operating conditions,Stable condition — continue routine monitoring
18,Distribution Transformer,0.0008992785,Low,General Degradation Risk based on combined operating conditions,Stable condition — continue routine monitoring
5,Distribution Transformer,0.00089292857,Low,Electrical Stress caused by high current flow,Stable condition — continue routine monitoring
41,Distribution Transformer,0.000891689,Low,Electrical Stress caused by high current flow,Stable condition — continue routine monitoring
39,Distribution Transformer,0.00088734616,Low,Electrical Stress caused by high current flow,Stable condition — continue routine monitoring
26,Distribution Transformer,0.0008797663,Low,Sudden Load Variation caused by irregular demand pattern,Stable condition — continue routine monitoring
49,Distribution Transformer,0.00087050465,Low,General Degradation Risk based on combined operating conditions,Stable condition — continue routine monitoring
28,Distribution Transformer,0.0008633161,Low,Sudden Load Variation caused by irregular demand pattern,Stable condition — continue routine monitoring
14,Distribution Transformer,0.0008536705,Low,Voltage Instability caused by abnormal voltage fluctuation,Stable condition — continue routine monitoring
3,Distribution Transformer,0.0008470207,Low,Sudden Load Variation caused by irregular demand pattern,Stable condition — continue routine monitoring
1,Distribution Transformer,0.0008400776,Low,Voltage Instability caused by abnormal voltage fluctuation,Stable condition — continue routine monitoring
18,Distribution Transformer,0.0008391356,Low,Sudden Load Variation caused by irregular demand pattern,Stable condition — continue routine monitoring
33,Distribution Transformer,0.00083194626,Low,Sudden Load Variation caused by irregular demand pattern,Stable condition — continue routine monitoring
35,Distribution Transformer,0.00082626863,Low,Voltage Instability caused by abnormal voltage fluctuation,Stable condition — continue routine monitoring
44,Distribution Transformer,0.00081887253,Low,General Degradation Risk based on combined operating conditions,Stable condition — continue routine monitoring
2,Distribution Transformer,0.00081186905,Low,General Degradation Risk based on combined operating conditions,Stable condition — continue routine monitoring
5,Distribution Transformer,0.0008105198,Low,Sudden Load Variation caused by irregular demand pattern,Stable condition — continue routine monitoring
27,Distribution Transformer,0.0008032745,Low,General Degradation Risk based on combined operating conditions,Stable condition — continue routine monitoring
44,Distribution Transformer,0.00079931924,Low,Voltage Instability caused by abnormal voltage fluctuation,Stable condition — continue routine monitoring
17,Distribution Transformer,0.0007985907,Low,General Degradation Risk based on combined operating conditions,Stable condition — continue routine monitoring
15,Distribution Transformer,0.0007979532,Low,Electrical Stress caused by high current flow,Stable condition — continue routine monitoring
29,Distribution Transformer,0.0007978266,Low,Sudden Load Variation caused by irregular demand pattern,Stable condition — continue routine monitoring
42,Distribution Transformer,0.0007940015,Low,General Degradation Risk based on combined operating conditions,Stable condition — continue routine monitoring
39,Distribution Transformer,0.00079093437,Low,Electrical Stress caused by high current flow,Stable condition — continue routine monitoring
43,Distribution Transformer,0.0007894623,Low,Sudden Load Variation caused by irregular demand pattern,Stable condition — continue routine monitoring
48,Distribution Transformer,0.00078912685,Low,General Degradation Risk based on combined operating conditions,Stable condition — continue routine monitoring
39,Distribution Transformer,0.0007877354,Low,Voltage Instability caused by abnormal voltage fluctuation,Stable condition — continue routine monitoring
34,Distribution Transformer,0.0007703435,Low,Sudden Load Variation caused by irregular demand pattern,Stable condition — continue routine monitoring
24,Distribution Transformer,0.0007678428,Low,General Degradation Risk based on combined operating conditions,Stable condition — continue routine monitoring
12,Distribution Transformer,0.00076653966,Low,Sudden Load Variation caused by irregular demand pattern,Stable condition — continue routine monitoring
47,Distribution Transformer,0.0007589014,Low,General Degradation Risk based on combined operating conditions,Stable condition — continue routine monitoring
4,Distribution Transformer,0.0007454842,Low,Voltage Instability caused by abnormal voltage fluctuation,Stable condition — continue routine monitoring
40,Distribution Transformer,0.00074376207,Low,Voltage Instability caused by abnormal voltage fluctuation,Stable condition — continue routine monitoring
31,Distribution Transformer,0.0007362626,Low,General Degradation Risk based on combined operating conditions,Stable condition — continue routine monitoring
32,Distribution Transformer,0.0007350743,Low,Voltage Instability caused by abnormal voltage fluctuation,Stable condition — continue routine monitoring
47,Distribution Transformer,0.00073086476,Low,General Degradation Risk based on combined operating conditions,Stable condition — continue routine monitoring
48,Distribution Transformer,0.0007260622,Low,Voltage Instability caused by abnormal voltage fluctuation,Stable condition — continue routine monitoring
42,Distribution Transformer,0.00072539516,Low,Voltage Instability caused by abnormal voltage fluctuation,Stable condition — continue routine monitoring
47,Distribution Transformer,0.0007239024,Low,Voltage Instability caused by abnormal voltage fluctuation,Stable condition — continue routine monitoring
49,Distribution Transformer,0.0007224153,Low,Voltage Instability caused by abnormal voltage fluctuation,Stable condition — continue routine monitoring
7,Distribution Transformer,0.00071953505,Low,Sudden Load Variation caused by irregular demand pattern,Stable condition — continue routine monitoring
32,Distribution Transformer,0.0007181317,Low,General Degradation Risk based on combined operating conditions,Stable condition — continue routine monitoring
10,Distribution Transformer,0.00071280997,Low,Voltage Instability caused by abnormal voltage fluctuation,Stable condition — continue routine monitoring
45,Distribution Transformer,0.0007102787,Low,Voltage Instability caused by abnormal voltage fluctuation,Stable condition — continue routine monitoring
12,Distribution Transformer,0.00069622236,Low,General Degradation Risk based on combined operating conditions,Stable condition — continue routine monitoring
16,Distribution Transformer,0.0006926839,Low,Sudden Load Variation caused by irregular demand pattern,Stable condition — continue routine monitoring
25,Distribution Transformer,0.00067471084,Low,Sudden Load Variation caused by irregular demand pattern,Stable condition — continue routine monitoring
2,Distribution Transformer,0.00067320367,Low,General Degradation Risk based on combined operating conditions,Stable condition — continue routine monitoring
19,Distribution Transformer,0.00067089987,Low,General Degradation Risk based on combined operating conditions,Stable condition — continue routine monitoring
17,Distribution Transformer,0.00067022815,Low,Voltage Instability caused by abnormal voltage fluctuation,Stable condition — continue routine monitoring
8,Distribution Transformer,0.0006697228,Low,Voltage Instability caused by abnormal voltage fluctuation,Stable condition — continue routine monitoring
4,Distribution Transformer,0.0006691932,Low,Voltage Instability caused by abnormal voltage fluctuation,Stable condition — continue routine monitoring
45,Distribution Transformer,0.00066765764,Low,Voltage Instability caused by abnormal voltage fluctuation,Stable condition — continue routine monitoring
42,Distribution Transformer,0.0006672337,Low,General Degradation Risk based on combined operating conditions,Stable condition — continue routine monitoring
3,Distribution Transformer,0.0006610366,Low,Sudden Load Variation caused by irregular demand pattern,Stable condition — continue routine monitoring
47,Distribution Transformer,0.0006550361,Low,Voltage Instability caused by abnormal voltage fluctuation,Stable condition — continue routine monitoring
8,Distribution Transformer,0.0006547022,Low,Sudden Load Variation caused by irregular demand pattern,Stable condition — continue routine monitoring
22,Distribution Transformer,0.00065436756,Low,General Degradation Risk based on combined operating conditions,Stable condition — continue routine monitoring
34,Distribution Transformer,0.0006467341,Low,Sudden Load Variation caused by irregular demand pattern,Stable condition — continue routine monitoring
25,Distribution Transformer,0.00063216186,Low,General Degradation Risk based on combined operating conditions,Stable condition — continue routine monitoring
49,Distribution Transformer,0.0006280303,Low,Sudden Load Variation caused by irregular demand pattern,Stable condition — continue routine monitoring
30,Distribution Transformer,0.0006237586,Low,Voltage Instability caused by abnormal voltage fluctuation,Stable condition — continue routine monitoring
22,Distribution Transformer,0.00061655184,Low,Sudden Load Variation caused by irregular demand pattern,Stable condition — continue routine monitoring
41,Distribution Transformer,0.0006141745,Low,Electrical Stress caused by high current flow,Stable condition — continue routine monitoring
26,Distribution Transformer,0.000612378,Low,Sudden Load Variation caused by irregular demand pattern,Stable condition — continue routine monitoring
46,Distribution Transformer,0.0006119711,Low,General Degradation Risk based on combined operating conditions,Stable condition — continue routine monitoring
49,Distribution Transformer,0.00060595904,Low,General Degradation Risk based on combined operating conditions,Stable condition — continue routine monitoring
15,Distribution Transformer,0.000604648,Low,General Degradation Risk based on combined operating conditions,Stable condition — continue routine monitoring
8,Distribution Transformer,0.0006014423,Low,General Degradation Risk based on combined operating conditions,Stable condition — continue routine monitoring
15,Distribution Transformer,0.0006014325,Low,Voltage Instability caused by abnormal voltage fluctuation,Stable condition — continue routine monitoring
13,Distribution Transformer,0.0005892043,Low,Sudden Load Variation caused by irregular demand pattern,Stable condition — continue routine monitoring
22,Distribution Transformer,0.000566089,Low,General Degradation Risk based on combined operating conditions,Stable condition — continue routine monitoring
49,Distribution Transformer,0.00056401873,Low,Sudden Load Variation caused by irregular demand pattern,Stable condition — continue routine monitoring
39,Distribution Transformer,0.0005598883,Low,General Degradation Risk based on combined operating conditions,Stable condition — continue routine monitoring
14,Distribution Transformer,0.00055670406,Low,Voltage Instability caused by abnormal voltage fluctuation,Stable condition — continue routine monitoring
41,Distribution Transformer,0.00055300974,Low,General Degradation Risk based on combined operating conditions,Stable condition — continue routine monitoring
5,Distribution Transformer,0.00054080045,Low,Voltage Instability caused by abnormal voltage fluctuation,Stable condition — continue routine monitoring
47,Distribution Transformer,0.0005344949,Low,Sudden Load Variation caused by irregular demand pattern,Stable condition — continue routine monitoring
22,Distribution Transformer,0.0005339361,Low,General Degradation Risk based on combined operating conditions,Stable condition — continue routine monitoring
41,Distribution Transformer,0.0005330627,Low,General Degradation Risk based on combined operating conditions,Stable condition — continue routine monitoring
30,Distribution Transformer,0.0005286192,Low,Sudden Load Variation caused by irregular demand pattern,Stable condition — continue routine monitoring
11,Distribution Transformer,0.00052829477,Low,General Degradation Risk based on combined operating conditions,Stable condition — continue routine monitoring
40,Distribution Transformer,0.00052715396,Low,Sudden Load Variation caused by irregular demand pattern,Stable condition — continue routine monitoring
11,Distribution Transformer,0.00052122376,Low,General Degradation Risk based on combined operating conditions,Stable condition — continue routine monitoring
2,Distribution Transformer,0.00051743025,Low,General Degradation Risk based on combined operating conditions,Stable condition — continue routine monitoring
43,Distribution Transformer,0.00051261566,Low,Sudden Load Variation caused by irregular demand pattern,Stable condition — continue routine monitoring
25,Distribution Transformer,0.00050997856,Low,General Degradation Risk based on combined operating conditions,Stable condition — continue routine monitoring
21,Distribution Transformer,0.0005079364,Low,Voltage Instability caused by abnormal voltage fluctuation,Stable condition — continue routine monitoring
32,Distribution Transformer,0.00050519884,Low,General Degradation Risk based on combined operating conditions,Stable condition — continue routine monitoring
30,Distribution Transformer,0.0004930038,Low,General Degradation Risk based on combined operating conditions,Stable condition — continue routine monitoring
20,Distribution Transformer,0.0004920655,Low,Sudden Load Variation caused by irregular demand pattern,Stable condition — continue routine monitoring
2,Distribution Transformer,0.0004813399,Low,General Degradation Risk based on combined operating conditions,Stable condition — continue routine monitoring
10,Distribution Transformer,0.00047705128,Low,Voltage Instability caused by abnormal voltage fluctuation,Stable condition — continue routine monitoring
39,Distribution Transformer,0.0004598472,Low,Voltage Instability caused by abnormal voltage fluctuation,Stable condition — continue routine monitoring
15,Distribution Transformer,0.00045904025,Low,General Degradation Risk based on combined operating conditions,Stable condition — continue routine monitoring
3,Distribution Transformer,0.00045753742,Low,Sudden Load Variation caused by irregular demand pattern,Stable condition — continue routine monitoring
39,Distribution Transformer,0.0004534917,Low,Sudden Load Variation caused by irregular demand pattern,Stable condition — continue routine monitoring
37,Distribution Transformer,0.0004534845,Low,Voltage Instability caused by abnormal voltage fluctuation,Stable condition — continue routine monitoring
30,Distribution Transformer,0.00045202533,Low,General Degradation Risk based on combined operating conditions,Stable condition — continue routine monitoring
38,Distribution Transformer,0.00045000858,Low,General Degradation Risk based on combined operating conditions,Stable condition — continue routine monitoring
34,Distribution Transformer,0.000447745,Low,Sudden Load Variation caused by irregular demand pattern,Stable condition — continue routine monitoring
38,Distribution Transformer,0.00043880224,Low,Voltage Instability caused by abnormal voltage fluctuation,Stable condition — continue routine monitoring
19,Distribution Transformer,0.00043112386,Low,Sudden Load Variation caused by irregular demand pattern,Stable condition — continue routine monitoring
41,Distribution Transformer,0.00043085494,Low,General Degradation Risk based on combined operating conditions,Stable condition — continue routine monitoring
6,Distribution Transformer,0.00042801152,Low,General Degradation Risk based on combined operating conditions,Stable condition — continue routine monitoring
23,Distribution Transformer,0.00042779613,Low,Sudden Load Variation caused by irregular demand pattern,Stable condition — continue routine monitoring
18,Distribution Transformer,0.0004266796,Low,Voltage Instability caused by abnormal voltage fluctuation,Stable condition — continue routine monitoring
17,Distribution Transformer,0.0004127133,Low,General Degradation Risk based on combined operating conditions,Stable condition — continue routine monitoring
23,Distribution Transformer,0.00040517267,Low,Sudden Load Variation caused by irregular demand pattern,Stable condition — continue routine monitoring
41,Distribution Transformer,0.0004050674,Low,General Degradation Risk based on combined operating conditions,Stable condition — continue routine monitoring
23,Distribution Transformer,0.00039676312,Low,General Degradation Risk based on combined operating conditions,Stable condition — continue routine monitoring
18,Distribution Transformer,0.00039542228,Low,Voltage Instability caused by abnormal voltage fluctuation,Stable condition — continue routine monitoring
35,Distribution Transformer,0.00038777545,Low,Sudden Load Variation caused by irregular demand pattern,Stable condition — continue routine monitoring
45,Distribution Transformer,0.0003875367,Low,General Degradation Risk based on combined operating conditions,Stable condition — continue routine monitoring
46,Distribution Transformer,0.00038487997,Low,General Degradation Risk based on combined operating conditions,Stable condition — continue routine monitoring
22,Distribution Transformer,0.00038273918,Low,Electrical Stress caused by high current flow,Stable condition — continue routine monitoring
37,Distribution Transformer,0.00037792174,Low,General Degradation Risk based on combined operating conditions,Stable condition — continue routine monitoring
45,Distribution Transformer,0.00037493787,Low,Sudden Load Variation caused by irregular demand pattern,Stable condition — continue routine monitoring
30,Distribution Transformer,0.00037106394,Low,Voltage Instability caused by abnormal voltage fluctuation,Stable condition — continue routine monitoring
8,Distribution Transformer,0.00036887734,Low,General Degradation Risk based on combined operating conditions,Stable condition — continue routine monitoring
15,Distribution Transformer,0.00036359022,Low,General Degradation Risk based on combined operating conditions,Stable condition — continue routine monitoring
45,Distribution Transformer,0.00036144184,Low,General Degradation Risk based on combined operating conditions,Stable condition — continue routine monitoring
19,Distribution Transformer,0.00036135537,Low,General Degradation Risk based on combined operating conditions,Stable condition — continue routine monitoring
11,Distribution Transformer,0.00035818538,Low,Sudden Load Variation caused by irregular demand pattern,Stable condition — continue routine monitoring
36,Distribution Transformer,0.00035673165,Low,General Degradation Risk based on combined operating conditions,Stable condition — continue routine monitoring
1,Distribution Transformer,0.0003535648,Low,Sudden Load Variation caused by irregular demand pattern,Stable condition — continue routine monitoring
43,Distribution Transformer,0.00035002825,Low,Voltage Instability caused by abnormal voltage fluctuation,Stable condition — continue routine monitoring
21,Distribution Transformer,0.000326121,Low,Voltage Instability caused by abnormal voltage fluctuation,Stable condition — continue routine monitoring
18,Distribution Transformer,0.0003208077,Low,Sudden Load Variation caused by irregular demand pattern,Stable condition — continue routine monitoring
43,Distribution Transformer,0.00031559996,Low,General Degradation Risk based on combined operating conditions,Stable condition — continue routine monitoring
19,Distribution Transformer,0.00031310497,Low,Sudden Load Variation caused by irregular demand pattern,Stable condition — continue routine monitoring
17,Distribution Transformer,0.00030709506,Low,Voltage Instability caused by abnormal voltage fluctuation,Stable condition — continue routine monitoring
14,Distribution Transformer,0.0003065539,Low,Voltage Instability caused by abnormal voltage fluctuation,Stable condition — continue routine monitoring
25,Distribution Transformer,0.00030440427,Low,General Degradation Risk based on combined operating conditions,Stable condition — continue routine monitoring
13,Distribution Transformer,0.00030325892,Low,Sudden Load Variation caused by irregular demand pattern,Stable condition — continue routine monitoring
49,Distribution Transformer,0.0003019627,Low,Voltage Instability caused by abnormal voltage fluctuation,Stable condition — continue routine monitoring
5,Distribution Transformer,0.00029842413,Low,Voltage Instability caused by abnormal voltage fluctuation,Stable condition — continue routine monitoring
28,Distribution Transformer,0.00029669786,Low,Voltage Instability caused by abnormal voltage fluctuation,Stable condition — continue routine monitoring
33,Distribution Transformer,0.00029304353,Low,General Degradation Risk based on combined operating conditions,Stable condition — continue routine monitoring
16,Distribution Transformer,0.0002907374,Low,Sudden Load Variation caused by irregular demand pattern,Stable condition — continue routine monitoring
5,Distribution Transformer,0.0002859312,Low,General Degradation Risk based on combined operating conditions,Stable condition — continue routine monitoring
9,Distribution Transformer,0.0002806524,Low,Voltage Instability caused by abnormal voltage fluctuation,Stable condition — continue routine monitoring
1,Distribution Transformer,0.00028025906,Low,Thermal Overload caused by excessive load and temperature stress,Stable condition — continue routine monitoring
15,Distribution Transformer,0.00027953723,Low,Voltage Instability caused by abnormal voltage fluctuation,Stable condition — continue routine monitoring
26,Distribution Transformer,0.00027732807,Low,Sudden Load Variation caused by irregular demand pattern,Stable condition — continue routine monitoring
10,Distribution Transformer,0.00027693043,Low,General Degradation Risk based on combined operating conditions,Stable condition — continue routine monitoring
6,Distribution Transformer,0.00027157814,Low,Sudden Load Variation caused by irregular demand pattern,Stable condition — continue routine monitoring
25,Distribution Transformer,0.00027062645,Low,General Degradation Risk based on combined operating conditions,Stable condition — continue routine monitoring
27,Distribution Transformer,0.0002681835,Low,Electrical Stress caused by high current flow,Stable condition — continue routine monitoring
45,Distribution Transformer,0.000263343,Low,Sudden Load Variation caused by irregular demand pattern,Stable condition — continue routine monitoring
1,Distribution Transformer,0.0002627138,Low,Electrical Stress caused by high current flow,Stable condition — continue routine monitoring
22,Distribution Transformer,0.00026231783,Low,Sudden Load Variation caused by irregular demand pattern,Stable condition — continue routine monitoring
5,Distribution Transformer,0.00026128697,Low,General Degradation Risk based on combined operating conditions,Stable condition — continue routine monitoring
14,Distribution Transformer,0.00025977276,Low,Sudden Load Variation caused by irregular demand pattern,Stable condition — continue routine monitoring
47,Distribution Transformer,0.00025896583,Low,General Degradation Risk based on combined operating conditions,Stable condition — continue routine monitoring
26,Distribution Transformer,0.00025055007,Low,Sudden Load Variation caused by irregular demand pattern,Stable condition — continue routine monitoring
39,Distribution Transformer,0.00024663887,Low,General Degradation Risk based on combined operating conditions,Stable condition — continue routine monitoring
44,Distribution Transformer,0.00024297951,Low,Voltage Instability caused by abnormal voltage fluctuation,Stable condition — continue routine monitoring
29,Distribution Transformer,0.00024236176,Low,Sudden Load Variation caused by irregular demand pattern,Stable condition — continue routine monitoring
17,Distribution Transformer,0.00024080559,Low,Sudden Load Variation caused by irregular demand pattern,Stable condition — continue routine monitoring
10,Distribution Transformer,0.00024037756,Low,General Degradation Risk based on combined operating conditions,Stable condition — continue routine monitoring
47,Distribution Transformer,0.0002398867,Low,Voltage Instability caused by abnormal voltage fluctuation,Stable condition — continue routine monitoring
46,Distribution Transformer,0.0002366206,Low,General Degradation Risk based on combined operating conditions,Stable condition — continue routine monitoring
41,Distribution Transformer,0.00023024906,Low,Electrical Stress caused by high current flow,Stable condition — continue routine monitoring
43,Distribution Transformer,0.00022697606,Low,Sudden Load Variation caused by irregular demand pattern,Stable condition — continue routine monitoring
47,Distribution Transformer,0.00022600386,Low,General Degradation Risk based on combined operating conditions,Stable condition — continue routine monitoring
16,Distribution Transformer,0.00022458076,Low,Electrical Stress caused by high current flow,Stable condition — continue routine monitoring
4,Distribution Transformer,0.00021687217,Low,Sudden Load Variation caused by irregular demand pattern,Stable condition — continue routine monitoring
32,Distribution Transformer,0.00021220115,Low,Voltage Instability caused by abnormal voltage fluctuation,Stable condition — continue routine monitoring
6,Distribution Transformer,0.00020409141,Low,Voltage Instability caused by abnormal voltage fluctuation,Stable condition — continue routine monitoring
34,Distribution Transformer,0.00020275966,Low,General Degradation Risk based on combined operating conditions,Stable condition — continue routine monitoring
10,Distribution Transformer,0.00020049005,Low,Voltage Instability caused by abnormal voltage fluctuation,Stable condition — continue routine monitoring
47,Distribution Transformer,0.00019484565,Low,Electrical Stress caused by high current flow,Stable condition — continue routine monitoring
28,Distribution Transformer,0.00019466423,Low,General Degradation Risk based on combined operating conditions,Stable condition — continue routine monitoring
5,Distribution Transformer,0.0001806608,Low,General Degradation Risk based on combined operating conditions,Stable condition — continue routine monitoring
40,Distribution Transformer,0.00017984957,Low,Sudden Load Variation caused by irregular demand pattern,Stable condition — continue routine monitoring
45,Distribution Transformer,0.00017789027,Low,General Degradation Risk based on combined operating conditions,Stable condition — continue routine monitoring
32,Distribution Transformer,0.00017592462,Low,Sudden Load Variation caused by irregular demand pattern,Stable condition — continue routine monitoring
11,Distribution Transformer,0.00017155077,Low,Voltage Instability caused by abnormal voltage fluctuation,Stable condition — continue routine monitoring
24,Distribution Transformer,0.0001713992,Low,Voltage Instability caused by abnormal voltage fluctuation,Stable condition — continue routine monitoring
29,Distribution Transformer,0.00016924381,Low,Electrical Stress caused by high current flow,Stable condition — continue routine monitoring
40,Distribution Transformer,0.0001676876,Low,Electrical Stress caused by high current flow,Stable condition — continue routine monitoring
28,Distribution Transformer,0.00016723316,Low,General Degradation Risk based on combined operating conditions,Stable condition — continue routine monitoring
6,Distribution Transformer,0.00016553135,Low,General Degradation Risk based on combined operating conditions,Stable condition — continue routine monitoring
37,Distribution Transformer,0.00016451564,Low,General Degradation Risk based on combined operating conditions,Stable condition — continue routine monitoring
6,Distribution Transformer,0.00016299296,Low,Electrical Stress caused by high current flow,Stable condition — continue routine monitoring
22,Distribution Transformer,0.00016256068,Low,Sudden Load Variation caused by irregular demand pattern,Stable condition — continue routine monitoring
36,Distribution Transformer,0.00016251668,Low,Sudden Load Variation caused by irregular demand pattern,Stable condition — continue routine monitoring
13,Distribution Transformer,0.00016247701,Low,Sudden Load Variation caused by irregular demand pattern,Stable condition — continue routine monitoring
49,Distribution Transformer,0.00016159525,Low,Sudden Load Variation caused by irregular demand pattern,Stable condition — continue routine monitoring
6,Distribution Transformer,0.00016106316,Low,General Degradation Risk based on combined operating conditions,Stable condition — continue routine monitoring
23,Distribution Transformer,0.000160923,Low,Electrical Stress caused by high current flow,Stable condition — continue routine monitoring
8,Distribution Transformer,0.00015590043,Low,General Degradation Risk based on combined operating conditions,Stable condition — continue routine monitoring
39,Distribution Transformer,0.00015310054,Low,Sudden Load Variation caused by irregular demand pattern,Stable condition — continue routine monitoring
25,Distribution Transformer,0.000151168,Low,Sudden Load Variation caused by irregular demand pattern,Stable condition — continue routine monitoring
49,Distribution Transformer,0.00014820996,Low,Sudden Load Variation caused by irregular demand pattern,Stable condition — continue routine monitoring
35,Distribution Transformer,0.00014745623,Low,Sudden Load Variation caused by irregular demand pattern,Stable condition — continue routine monitoring
34,Distribution Transformer,0.00014487965,Low,Voltage Instability caused by abnormal voltage fluctuation,Stable condition — continue routine monitoring
34,Distribution Transformer,0.00014240171,Low,General Degradation Risk based on combined operating conditions,Stable condition — continue routine monitoring
42,Distribution Transformer,0.0001410799,Low,Sudden Load Variation caused by irregular demand pattern,Stable condition — continue routine monitoring
18,Distribution Transformer,0.00013991637,Low,Voltage Instability caused by abnormal voltage fluctuation,Stable condition — continue routine monitoring
29,Distribution Transformer,0.00013983368,Low,Sudden Load Variation caused by irregular demand pattern,Stable condition — continue routine monitoring
40,Distribution Transformer,0.00013265746,Low,General Degradation Risk based on combined operating conditions,Stable condition — continue routine monitoring
32,Distribution Transformer,0.00013249059,Low,Sudden Load Variation caused by irregular demand pattern,Stable condition — continue routine monitoring
5,Distribution Transformer,0.00013092288,Low,Voltage Instability caused by abnormal voltage fluctuation,Stable condition — continue routine monitoring
26,Distribution Transformer,0.000114935785,Low,Sudden Load Variation caused by irregular demand pattern,Stable condition — continue routine monitoring
13,Distribution Transformer,0.00011266795,Low,Sudden Load Variation caused by irregular demand pattern,Stable condition — continue routine monitoring
16,Distribution Transformer,0.00011246947,Low,Sudden Load Variation caused by irregular demand pattern,Stable condition — continue routine monitoring
21,Distribution Transformer,0.000112463465,Low,Sudden Load Variation caused by irregular demand pattern,Stable condition — continue routine monitoring
6,Distribution Transformer,0.00011102881,Low,Sudden Load Variation caused by irregular demand pattern,Stable condition — continue routine monitoring
21,Distribution Transformer,0.000109638044,Low,General Degradation Risk based on combined operating conditions,Stable condition — continue routine monitoring
3,Distribution Transformer,0.00010735662,Low,Sudden Load Variation caused by irregular demand pattern,Stable condition — continue routine monitoring
23,Distribution Transformer,0.00010085384,Low,Sudden Load Variation caused by irregular demand pattern,Stable condition — continue routine monitoring
3,Distribution Transformer,0.00010000258,Low,General Degradation Risk based on combined operating conditions,Stable condition — continue routine monitoring
29,Distribution Transformer,9.863886e-05,Low,General Degradation Risk based on combined operating conditions,Stable condition — continue routine monitoring
44,Distribution Transformer,8.758297e-05,Low,Voltage Instability caused by abnormal voltage fluctuation,Stable condition — continue routine monitoring
39,Distribution Transformer,8.753997e-05,Low,General Degradation Risk based on combined operating conditions,Stable condition — continue routine monitoring
33,Distribution Transformer,8.642412e-05,Low,Voltage Instability caused by abnormal voltage fluctuation,Stable condition — continue routine monitoring
17,Distribution Transformer,8.5418964e-05,Low,Sudden Load Variation caused by irregular demand pattern,Stable condition — continue routine monitoring
48,Distribution Transformer,8.514726e-05,Low,Electrical Stress caused by high current flow,Stable condition — continue routine monitoring
37,Distribution Transformer,8.145428e-05,Low,Sudden Load Variation caused by irregular demand pattern,Stable condition — continue routine monitoring
4,Distribution Transformer,7.180204e-05,Low,Sudden Load Variation caused by irregular demand pattern,Stable condition — continue routine monitoring
30,Distribution Transformer,6.440646e-05,Low,General Degradation Risk based on combined operating conditions,Stable condition — continue routine monitoring
11,Distribution Transformer,6.128659e-05,Low,General Degradation Risk based on combined operating conditions,Stable condition — continue routine monitoring
35,Distribution Transformer,5.8079033e-05,Low,Voltage Instability caused by abnormal voltage fluctuation,Stable condition — continue routine monitoring
37,Distribution Transformer,5.5745255e-05,Low,Voltage Instability caused by abnormal voltage fluctuation,Stable condition — continue routine monitoring
9,Distribution Transformer,5.2521988e-05,Low,Voltage Instability caused by abnormal voltage fluctuation,Stable condition — continue routine monitoring
32,Distribution Transformer,5.043136e-05,Low,Voltage Instability caused by abnormal voltage fluctuation,Stable condition — continue routine monitoring
28,Distribution Transformer,4.9674396e-05,Low,General Degradation Risk based on combined operating conditions,Stable condition — continue routine monitoring
27,Distribution Transformer,4.53661e-05,Low,Electrical Stress caused by high current flow,Stable condition — continue routine monitoring
8,Distribution Transformer,4.5081983e-05,Low,Electrical Stress caused by high current flow,Stable condition — continue routine monitoring
17,Distribution Transformer,3.7046117e-05,Low,Voltage Instability caused by abnormal voltage fluctuation,Stable condition — continue routine monitoring
12,Distribution Transformer,1.4030968e-05,Low,General Degradation Risk based on combined operating conditions,Stable condition — continue routine monitoring
25,Distribution Transformer,4.8663665e-06,Low,General Degradation Risk based on combined operating conditions,Stable condition — continue routine monitoring
